Name;Manufacturer;Year;Model;Type;Rarity;Rarity;Country;PI;PI;Speed;Handling;Acceleration;Launch;Braking;Offroad;Average Stat;Value;Classification;DLC
Abarth 595 '68;Abarth;1968;Abarth 595 esseesse;Cult Classics;1;Common;IT;D;100;2.6;3.7;1.7;2.6;2.0;5.1;3.0;35,000 CR;Autoshow;
Abarth 131;Abarth;1980;Fiat 131;Classic Rally;1;Common;IT;C;510;4.3;4.1;4.1;3.9;3.2;5.9;4.3;250,000 CR;Reward;
Abarth 695 '16;Abarth;2016;695 Biposto;Hot Hatch;1;Common;IT;B;657;4.9;5.3;4.7;4.4;4.8;5.1;4.9;250,000 CR;Reward;
Abarth 124 '17;Abarth;2017;124 Spider;Modern Sports Cars;1;Common;IT;C;562;5.2;4.7;3.8;4.6;3.3;5.5;4.5;250,000 CR;Reward;
Acura Integra;Acura;2001;Integra Type R;Retro Hot Hatch;1;Common;US;C;596;5.6;5.1;3.9;3.1;3.4;5.1;4.4;25,000 CR;Autoshow;
Acura RSX;Acura;2002;RSX Type S;Retro Hot Hatch;1;Common;US;C;585;5.6;5.1;3.9;3.0;3.5;5.3;4.4;25,000 CR;Autoshow;
Acura NSX '17;Acura;2017;NSX;Modern Supercars;2;Rare;US;S1;831;7.0;7.0;9.2;10.0;7.1;4.7;7.5;170,000 CR;Autoshow;
Alfa Romeo TZ2;Alfa Romeo;1965;Giulia TZ2;Classic Racers;4;Legendary;IT;B;641;5.5;3.9;4.1;3.4;3.4;5.3;4.3;4,000,000 CR;Autoshow;
Alfa Romeo GTA;Alfa Romeo;1965;Giulia Sprint GTA Stradale;Rare Classics;2;Rare;IT;D;486;4.0;3.7;3.7;3.2;2.8;5.3;3.8;300,000 CR;Autoshow;
Alfa Romeo 33S;Alfa Romeo;1968;33 Stradale;Classic Racers;4;Legendary;IT;A;707;6.2;4.4;5.7;5.7;3.6;5.0;5.1;15,000,000 CR;Autoshow;
Alfa Romeo 155;Alfa Romeo;1992;155 Q4;Retro Saloons;1;Common;IT;C;561;5.4;4.4;4.0;4.3;2.9;5.7;4.5;250,000 CR;Reward;
Alfa Romeo 8C;Alfa Romeo;2007;8C Competizione;GT Cars;3;Epic;IT;A;755;7.0;5.3;5.4;5.5;4.9;5.2;5.6;300,000 CR;Reward;
Alfa Romeo 4C;Alfa Romeo;2014;4C;Modern Sports Cars;2;Rare;IT;A;755;5.9;5.7;4.8;7.0;5.2;5.0;5.6;250,000 CR;Reward;
Alfa Giulia '17;Alfa Romeo;2017;Giulia Quadrifoglio;Super Saloons;2;Rare;IT;A;775;7.3;6.4;5.9;4.9;6.7;5.0;6.0;120,000 CR;Autoshow;
Alpine A110 '73;Alpine;1973;A110 1600S;Classic Rally;2;Rare;FR;C;550;5.0;4.4;4.1;3.1;3.0;5.3;4.2;98,000 CR;Autoshow;
Alpine A110 '17;Alpine;2017;A110;Modern Sports Cars;3;Epic;FR;B;694;6.0;6.4;5.4;5.7;4.2;4.2;5.3;67,500 CR;Wheelspin;
Alumni Craft C. 10;Alumnicraft;2015;Class 10 Race Car;Unlimited Buggies;3;Epic;US;B;642;4.4;3.8;5.0;4.1;4.8;10.0;5.4;300,000 CR;Autoshow;
#122 AC Class 1;Alumnicraft;2021;#122 Class 1 Buggy;Unlimited Buggies;3;Epic;US;B;689;4.9;2.9;6.4;5.3;5.3;9.1;5.7;300,000 CR;Autoshow;Rally
#6165 Truck;Alumnicraft;2022;#6165 Trick Truck;Unlimited Offroad;3;Epic;US;C;596;4.4;3.0;3.6;2.6;5.0;9.3;4.7;500,000 CR;Autoshow;Rally
AMC Rebel;AMC;1970;"Rebel ""The Machine""";Classic Muscle;2;Rare;US;C;531;5.1;3.8;3.6;2.9;2.5;5.8;4.0;250,000 CR;Reward;
AMC Javelin;AMC;1971;Javelin AMX;Classic Muscle;2;Rare;US;D;493;4.5;3.6;3.4;2.8;2.2;5.2;3.6;250,000 CR;Reward;
AMC Gremlin;AMC;1973;Gremlin X;Cult Classics;1;Common;US;D;403;4.0;3.9;3.4;3.4;2.3;5.2;3.7;35,000 CR;Autoshow;
M12S Warthog CST;AMG Transport Dynamics;2554;M12S Warthog CST;Unlimited Offroad;4;Legendary;US;A;719;4.2;4.1;8.6;10.0;6.7;10.0;7.3;850,000 CR;Autoshow;
Apollo IE '18;Apollo;2018;Intensa Emozione;Extreme Track Toys;4;Legendary;DE;S2;963;7.4;10.0;7.7;8.4;10.0;3.9;7.9;1,500,000 CR;Autoshow;
Apollo IE WP;Apollo;2018;"Intensa Emozione ""Welcome Pack""";Extreme Track Toys;1;Common;DE;S2;998;7.6;10.0;7.9;8.6;10.0;3.8;8.0;1,500,000 CR;Autoshow;Welcome Pack
Ariel Atom;Ariel;2013;Atom 500 V8;Extreme Track Toys;3;Epic;GB;S2;924;6.3;8.8;7.8;8.5;7.2;3.9;7.1;200,000 CR;Autoshow;
Ariel Nomad;Ariel;2016;Nomad;Unlimited Buggies;2;Rare;GB;A;711;5.2;4.7;6.5;7.2;4.2;8.1;6.0;93,000 CR;Autoshow;
Ascari KZ1R;Ascari;2012;KZ1R;Modern Supercars;3;Epic;GB;S1;829;7.9;7.3;5.9;5.2;5.9;4.9;6.2;250,000 CR;Reward;
AM DBR1;Aston Martin;1958;DBR1;Classic Racers;4;Legendary;GB;B;678;6.5;4.2;3.5;2.4;3.3;5.0;4.2;22,500,000 CR;Autoshow;
AM DB5;Aston Martin;1964;DB5;Rare Classics;3;Epic;GB;C;548;5.4;4.0;4.0;3.4;2.7;5.4;4.2;800,000 CR;Autoshow;
AM DBS;Aston Martin;2008;DBS;GT Cars;3;Epic;GB;A;746;7.3;5.4;5.1;4.8;6.2;5.2;5.7;325,000 CR;Reward;
AM One-77;Aston Martin;2010;One-77;Super GT;4;Legendary;GB;S1;843;8.0;6.8;6.2;6.7;6.9;4.5;6.5;1,400,000 CR;Autoshow;
Vantage S '13;Aston Martin;2013;V12 Vantage S;Super GT;3;Epic;GB;A;796;7.8;6.2;5.4;5.7;6.4;4.4;6.0;240,000 CR;Autoshow;
AM Vantage '16;Aston Martin;2016;Vantage GT12;Track Toys;3;Epic;GB;S1;829;6.7;8.0;5.9;6.1;8.1;4.4;6.5;400,000 CR;Accolade;
AM Vulcan AMR;Aston Martin;2017;Vulcan AMR Pro;Extreme Track Toys;4;Legendary;GB;S2;953;7.7;9.6;6.5;7.0;10.0;3.2;7.3;2,000,000 CR;Autoshow;
AM DB11;Aston Martin;2017;DB11;Super GT;3;Epic;GB;A;787;7.3;6.5;5.7;6.1;6.1;4.7;6.1;300,000 CR;Autoshow;
Valhalla Concept;Aston Martin;2019;Valhalla Concept Car;Hypercars;4;Legendary;GB;S2;959;8.5;9.2;10.0;10.0;9.4;4.6;8.6;1,150,000 CR;Autoshow;
AM DBS SL '19;Aston Martin;2019;DBS Superleggera;Super GT;3;Epic;GB;S1;835;7.8;6.6;5.8;6.2;6.9;4.5;6.3;350,000 CR;Autoshow;
AM Vantage '19;Aston Martin;2019;Vantage;GT Cars;3;Epic;GB;S1;801;7.0;6.7;6.0;6.4;6.1;4.6;6.1;430,000 CR;Autoshow;
AM DBX '21;Aston Martin;2021;DBX;Sports Utility Heroes;2;Rare;GB;A;732;6.5;5.3;5.9;6.1;5.2;6.3;5.9;200,000 CR;Autoshow;
AM Valkyrie;Aston Martin;2023;Valkyrie;Hypercars;4;Legendary;GB;S2;978;9.2;8.8;7.4;8.0;10.0;4.7;8.0;3,250,000 CR;Reward;
ATS GT '18;ATS;2018;GT;Modern Supercars;3;Epic;IT;S1;877;8.0;6.8;7.0;7.6;7.4;4.7;6.9;850,000 CR;Reward;
Audi quattro;Audi;1983;Sport quattro;Retro Rally;3;Epic;DE;B;634;5.7;5.0;5.5;2.9;4.0;5.7;4.8;175,000 CR;Autoshow;
#2 Audi S1;Audi;1986;#2 Audi Sport quattro S1;Rally Monsters;4;Legendary;DE;S1;827;6.3;6.4;8.9;2.4;5.5;7.8;6.2;375,000 CR;Reward;
Audi RS2 '95;Audi;1995;Avant RS2;Retro Saloons;1;Common;DE;B;601;6.0;5.1;5.0;5.3;3.2;5.2;5.0;50,000 CR;Autoshow;
Audi RS 4 '01;Audi;2001;RS 4 Avant;Retro Saloons;1;Common;DE;B;663;6.4;5.8;5.5;4.7;3.6;5.2;5.2;94,000 CR;Autoshow;
Audi RS 6 '03;Audi;2003;RS 6;Retro Saloons;2;Rare;DE;B;677;6.8;5.7;5.1;5.0;4.1;5.4;5.4;105,000 CR;Autoshow;
Audi RS 4 '06;Audi;2006;RS 4;Super Saloons;2;Rare;DE;A;710;6.9;6.1;6.0;5.5;4.4;5.3;5.7;53,000 CR;Autoshow;
Audi RS 6 '09;Audi;2009;RS 6;Super Saloons;3;Epic;DE;A;722;7.5;6.0;6.1;6.7;5.8;5.5;6.3;155,000 CR;Autoshow;
Audi TT RS;Audi;2010;TT RS Coupé;Modern Sports Cars;2;Rare;DE;A;707;6.6;6.1;5.8;7.0;4.4;5.4;5.9;66,000 CR;Autoshow;
Audi RS 5;Audi;2011;RS 5 Coupé;Super Saloons;2;Rare;DE;A;733;6.8;6.2;5.8;5.7;5.9;5.5;6.0;88,000 CR;Autoshow;
Audi RS 3;Audi;2011;RS 3 Sportback;Super Hot Hatch;1;Common;DE;B;682;6.0;6.1;5.2;6.5;4.1;5.5;5.6;42,000 CR;Autoshow;
Audi R8 '13;Audi;2013;R8 Coupé V10 Plus 5.2 FSI Quattro;Modern Supercars;3;Epic;DE;S1;802;7.3;7.0;7.1;6.6;6.9;5.0;6.7;290,000 CR;Wheelspin;
Audi RS 7;Audi;2013;RS 7 Sportback;Super Saloons;3;Epic;DE;A;739;7.6;5.9;7.0;8.2;5.6;5.3;6.6;225,000 CR;Autoshow;
Audi RS 4 '13;Audi;2013;RS 4 Avant;Super Saloons;2;Rare;DE;A;728;7.0;6.2;5.5;5.2;5.2;5.2;5.7;83,000 CR;Autoshow;
Audi RS 6 '15;Audi;2015;RS 6 Avant;Super Saloons;2;Rare;DE;A;754;7.4;6.0;7.5;8.3;5.3;5.2;6.6;150,000 CR;Autoshow;
Audi S1;Audi;2015;S1;Hot Hatch;1;Common;DE;B;644;5.6;5.9;5.2;4.4;3.7;5.6;5.1;35,000 CR;Autoshow;
Audi TTS;Audi;2015;TTS Coupé;Modern Sports Cars;1;Common;DE;A;724;6.7;6.3;5.8;6.4;4.0;5.2;5.7;52,000 CR;Autoshow;
Audi R8 V10 plus;Audi;2016;R8 V10 plus;Modern Supercars;3;Epic;DE;S1;834;7.8;7.1;7.8;7.4;7.3;5.1;7.1;242,000 CR;Autoshow;
RS 4 Avant '18;Audi;2018;RS 4 Avant;Super Saloons;2;Rare;DE;A;751;7.2;6.2;7.1;9.4;4.9;5.1;6.7;250,000 CR;Reward;
Audi RS 5 '18;Audi;2018;RS 5 Coupe;Super Saloons;2;Rare;DE;A;750;7.1;6.0;7.2;9.8;4.8;5.2;6.7;95,000 CR;Autoshow;
Audi TT RS '18;Audi;2018;TT RS;Modern Sports Cars;2;Rare;DE;A;748;6.8;6.3;6.7;8.1;4.7;5.2;6.3;75,000 CR;Autoshow;
Audi RS 3 '20;Audi;2020;RS 3 Sedan;Super Saloons;2;Rare;DE;A;734;6.7;6.2;6.4;7.9;4.6;5.5;6.2;60,000 CR;Autoshow;
Audi RS e-tron;Audi;2021;RS e-tron GT;Super Saloons;3;Epic;DE;A;770;6.0;5.6;8.4;9.4;4.2;5.0;6.4;250,000 CR;Reward;
Audi RS 6 '21;Audi;2021;RS 6 Avant;Super Saloons;2;Rare;DE;A;763;7.2;5.7;7.3;8.9;4.9;5.6;6.6;250,000 CR;Reward;
Audi RS 7 '21;Audi;2021;RS 7 Sportback;Super Saloons;2;Rare;DE;A;768;7.4;6.3;7.3;8.9;4.9;5.3;6.7;250,000 CR;Reward;
Sprite MkI;Austin-Healey;1958;Sprite MkI;Classic Sports Cars;1;Common;GB;D;131;3.1;3.7;1.9;2.5;1.8;4.9;3.0;20,000 CR;Autoshow;
AutoUnion Type D;Auto Union;1939;Type D;Vintage Racers;4;Legendary;DE;B;675;8.4;4.2;4.5;3.4;2.7;4.2;4.6;15,000,000 CR;Autoshow;
BAC Mono;BAC;2014;Mono;Track Toys;3;Epic;GB;S1;868;6.1;8.1;6.3;6.7;8.1;3.9;6.5;160,000 CR;Wheelspin;
Bentley 8 Litre;Bentley;1930;8 Litre;Rare Classics;4;Legendary;GB;D;181;3.7;3.5;2.4;1.8;1.8;5.7;3.2;1,500,000 CR;Autoshow;
Bentley Blower;Bentley;1930;Blower 4-1/2 Litre Supercharged;Vintage Racers;4;Legendary;GB;D;207;3.7;3.3;2.1;2.3;1.9;5.8;3.2;4,000,000 CR;Autoshow;
Bentley Turbo R;Bentley;1991;Turbo R;Retro Saloons;2;Rare;GB;C;543;5.4;4.6;3.1;1.4;3.1;5.8;3.9;250,000 CR;Reward;
Bentley Bentayga;Bentley;2016;Bentayga;Sports Utility Heroes;3;Epic;GB;A;727;7.0;5.0;6.2;7.4;4.0;6.5;6.0;180,000 CR;Autoshow;
Bentley Cont '17;Bentley;2017;Continental Supersports;GT Cars;3;Epic;GB;A;769;7.6;6.1;8.0;9.1;5.8;4.9;6.9;200,000 CR;Autoshow;
BMW Isetta;BMW;1957;Isetta 300 Export;Cult Classics;1;Common;DE;D;100;1.8;3.4;1.2;2.7;2.4;4.7;2.7;45,000 CR;Autoshow;
BMW 2002 Turbo;BMW;1973;2002 Turbo;Classic Sports Cars;4;Legendary;DE;C;531;4.9;4.3;3.8;1.5;2.8;5.6;3.8;26,000 CR;Barn Find;
BMW M1;BMW;1981;M1;Retro Supercars;3;Epic;DE;B;629;5.9;5.0;4.4;3.1;3.2;4.7;4.4;585,000 CR;Autoshow;
BMW M5 '88;BMW;1988;M5;Retro Saloons;2;Rare;DE;C;583;5.8;4.4;4.3;3.9;3.1;5.1;4.4;54,000 CR;Autoshow;
BMW M3 '91;BMW;1991;M3;Retro Saloons;2;Rare;DE;C;583;5.6;4.7;4.3;3.4;3.1;4.9;4.3;70,000 CR;Autoshow;
BMW 850CSi;BMW;1995;850CSi;Retro Sports Cars;2;Rare;DE;B;610;6.7;4.6;4.6;4.1;3.2;5.3;4.8;250,000 CR;Reward;
BMW M5 '95;BMW;1995;M5;Retro Saloons;2;Rare;DE;B;634;6.7;5.2;4.6;4.2;3.6;4.8;4.9;25,000 CR;Autoshow;
BMW M3 '97;BMW;1997;M3;Retro Saloons;1;Common;DE;B;665;6.5;4.9;4.9;5.2;3.6;5.2;5.1;35,000 CR;Autoshow;
BMW M3-GTR;BMW;2002;M3-GTR;Track Toys;3;Epic;DE;A;747;6.7;6.5;5.4;5.7;4.9;4.7;5.7;180,000 CR;Autoshow;
BMW Z3;BMW;2002;Z3 M Coupe;Retro Sports Cars;1;Common;DE;B;675;6.1;5.3;4.9;5.0;3.7;4.9;5.0;30,000 CR;Autoshow;
BMW M5 '03;BMW;2003;M5;Retro Saloons;1;Common;DE;B;694;7.1;5.5;5.0;5.2;3.8;5.1;5.3;30,000 CR;Autoshow;
BMW M3 '05;BMW;2005;M3;Retro Saloons;1;Common;DE;B;675;6.4;5.3;5.0;5.0;3.8;5.0;5.1;33,000 CR;Autoshow;
BMW Z4 '08;BMW;2008;Z4 M Coupe;Modern Sports Cars;2;Rare;DE;B;694;6.4;5.8;5.4;4.9;4.3;5.2;5.3;82,000 CR;Autoshow;
BMW M3 '08;BMW;2008;M3;Super Saloons;1;Common;DE;A;725;6.8;5.8;5.0;5.3;4.5;4.5;5.3;48,000 CR;Autoshow;
BMW M5 '09;BMW;2009;M5;Super Saloons;2;Rare;DE;A;719;7.1;5.9;5.1;4.9;4.4;4.9;5.4;90,000 CR;Autoshow;
BMW E92 M3 GTS;BMW;2010;M3 GTS;Track Toys;3;Epic;DE;A;794;7.3;7.6;5.5;5.9;5.7;4.3;6.1;250,000 CR;Reward;
BMW X5M FE;BMW;2011;X5 M Forza Edition;Extreme Track Toys;5;Forza Edition;DE;S2;998;8.0;10.0;10.0;10.0;9.4;4.4;8.6;500,000 CR;DLC;VIP
BMW 1M;BMW;2011;1 Series M Coupe;Super Saloons;2;Rare;DE;A;712;6.4;5.9;5.2;5.4;4.5;4.8;5.4;55,000 CR;Autoshow;
BMW X5 M;BMW;2011;X5 M;Sports Utility Heroes;1;Common;DE;B;666;6.4;4.8;5.9;6.6;3.7;6.4;5.6;100,000 CR;Autoshow;
BMW M5 '12;BMW;2012;M5;Super Saloons;2;Rare;DE;A;766;7.4;6.0;5.3;5.6;4.8;4.6;5.6;112,000 CR;Autoshow;
BMW M6 '13;BMW;2013;M6 Coupe;GT Cars;2;Rare;DE;A;758;7.5;5.8;5.0;5.2;5.9;4.6;5.7;120,000 CR;Autoshow;
BMW M4 '14;BMW;2014;M4 Coupe;Super Saloons;2;Rare;DE;A;782;7.1;6.2;5.3;5.6;6.5;4.7;5.9;92,000 CR;Autoshow;
BMW X6 M;BMW;2015;X6 M;Sports Utility Heroes;3;Epic;DE;B;687;6.5;4.9;6.0;6.6;4.1;5.8;5.7;130,000 CR;Wheelspin;
BMW i8;BMW;2015;i8;Modern Supercars;2;Rare;DE;A;764;7.2;6.4;7.7;8.7;4.6;4.9;6.6;140,000 CR;Autoshow;
BMW M4 '16;BMW;2016;M4 GTS;Track Toys;3;Epic;DE;S1;814;7.2;7.6;5.7;6.0;7.0;4.0;6.3;135,000 CR;Car Collector;
BMW M2;BMW;2016;M2 Coupé;Super Saloons;1;Common;DE;A;718;6.5;5.7;5.2;5.5;4.6;4.8;5.4;69,000 CR;Autoshow;
BMW M5 '18;BMW;2018;M5;Super Saloons;2;Rare;DE;A;784;7.6;6.1;8.7;9.7;6.2;5.1;7.2;105,000 CR;Autoshow;
BMW Z4 '19;BMW;2019;Z4 Roadster;Modern Sports Cars;1;Common;DE;A;751;6.7;6.0;5.6;6.0;4.4;4.6;5.6;35,000 CR;Autoshow;
BMW M8 Comp;BMW;2020;M8 Competition Coupe;GT Cars;2;Rare;DE;A;791;7.7;6.3;8.6;9.7;6.3;5.3;7.3;175,000 CR;Autoshow;
BMW M3 '21;BMW;2021;M3 Competition Sedan;Super Saloons;3;Epic;DE;A;772;7.0;5.3;5.2;5.5;5.0;5.3;5.6;250,000 CR;Reward;
BMW M4 '21;BMW;2021;M4 Competition Coupé;Super Saloons;2;Rare;DE;A;778;7.1;6.0;5.2;5.5;5.2;5.0;5.7;250,000 CR;Reward;
BMW i4 '22;BMW;2022;i4 eDrive40;Super Saloons;2;Rare;DE;B;633;4.1;4.7;4.1;4.2;3.6;5.4;4.4;250,000 CR;Reward;
BMW iX '22;BMW;2022;iX xDrive50;Sports Utility Heroes;2;Rare;DE;A;703;4.3;4.1;5.2;5.4;3.5;6.1;4.8;250,000 CR;Reward;
BMW M2 '23;BMW;2023;M2;Super Saloons;2;Rare;DE;A;762;6.8;5.9;5.6;5.6;5.2;5.0;5.7;250,000 CR;Reward;
Brabham BT62;Brabham;2019;BT62;Extreme Track Toys;4;Legendary;GB;S2;974;7.3;10.0;8.2;8.9;10.0;4.3;8.1;1,500,000 CR;Autoshow;Hot Wheels
Bugatti T35 C;Bugatti;1926;Type 35 C;Vintage Racers;4;Legendary;FR;D;285;4.0;3.4;2.5;1.4;1.9;4.9;3.0;1,300,000 CR;Autoshow;
Bugatti EB110;Bugatti;1992;EB110 Super Sport;Retro Supercars;4;Legendary;FR;S1;805;8.3;6.5;8.0;3.8;5.2;4.9;6.1;1,700,000 CR;Autoshow;
Bugatti Veyron;Bugatti;2011;Veyron Super Sport;Hypercars;4;Legendary;FR;S2;913;9.9;7.9;10.0;5.9;8.6;4.9;7.9;2,200,000 CR;Autoshow;
Bugatti Chiron;Bugatti;2018;Chiron;Hypercars;4;Legendary;FR;S2;927;10.0;7.9;9.9;6.1;8.6;5.0;7.9;2,400,000 CR;Autoshow;
Bugatti Divo;Bugatti;2019;Divo;Extreme Track Toys;4;Legendary;FR;S2;958;9.6;9.9;10.0;6.2;9.5;4.4;8.3;3,000,000 CR;Autoshow;
Buick GSX;Buick;1970;GSX;Classic Muscle;2;Rare;US;C;558;5.1;3.5;3.3;3.2;2.5;5.1;3.8;80,000 CR;Autoshow;
Buick Regal GNX;Buick;1987;Regal GNX;Retro Muscle;2;Rare;US;C;564;5.7;4.0;3.8;2.5;2.5;5.5;4.0;130,000 CR;Autoshow;
Caddy Limo;Cadillac;2013;XTS Limousine;Super Saloons;2;Rare;US;A;760;7.6;5.3;3.8;3.8;5.5;3.0;4.8;250,000 CR;Reward;
Caddy ATS-V;Cadillac;2016;ATS-V;Modern Muscle;1;Common;US;A;716;7.0;5.5;5.2;3.4;4.2;5.1;5.1;65,000 CR;Autoshow;
Caddy CTS-V '16;Cadillac;2016;CTS-V Sedan;Modern Muscle;1;Common;US;A;761;7.2;5.3;4.9;5.2;4.4;4.7;5.3;80,000 CR;Autoshow;
Cadillac CT4-V;Cadillac;2022;CT4-V Blackwing;Modern Muscle;2;Rare;US;A;760;7.0;5.8;5.6;2.7;4.9;5.6;5.3;250,000 CR;Reward;
Cadillac CT5-V;Cadillac;2022;CT5-V Blackwing;Modern Muscle;2;Rare;US;A;799;7.4;5.6;5.6;5.4;6.7;5.3;6.0;250,000 CR;Reward;
Can-Am Maverick;Can-Am;2018;Maverick X RS Turbo R;UTVs;1;Common;CA;B;607;3.9;3.7;6.8;9.6;4.5;9.7;6.4;25,000 CR;Autoshow;
#4402 Ultra 4;Casey Currie Motorsports;2019;#4402 Ultra 4 'Trophy Jeep';Unlimited Offroad;3;Epic;US;A;745;5.2;3.1;5.0;4.6;5.4;9.3;5.4;500,000 CR;Autoshow;Rally
Caterham R500;Caterham;2013;Superlight R500;Track Toys;2;Rare;GB;A;786;5.6;5.4;5.7;6.2;4.6;3.9;5.2;82,000 CR;Autoshow;
Corvette '53 FE;Chevrolet;1953;Corvette Forza Edition;Classic Racers;5;Forza Edition;US;A;800;6.5;6.1;5.8;6.2;4.8;3.7;5.5;500,000 CR;Wheelspin;
Corvette '53;Chevrolet;1953;Corvette;Classic Sports Cars;4;Legendary;US;D;366;3.6;4.0;2.3;1.1;2.0;5.6;3.1;210,000 CR;Barn Find;
Chevy 150 Sedan;Chevrolet;1955;150 Utility Sedan;Rods & Customs;1;Common;US;D;360;4.5;3.5;3.2;2.5;2.0;5.8;3.6;35,000 CR;Autoshow;
Barbie Corvette;Chevrolet;1956;'Barbie Movie' Corvette EV;Rods & Customs;3;Epic;US;B;658;4.4;4.4;4.9;5.2;3.2;4.7;4.5;500,000 CR;Autoshow;
Chevy Bel Air;Chevrolet;1957;Bel Air;Rods & Customs;2;Rare;US;D;432;4.8;3.8;2.8;1.6;2.1;6.0;3.5;130,000 CR;Autoshow;
Corvette '60;Chevrolet;1960;Corvette;Classic Sports Cars;3;Epic;US;C;541;5.4;4.0;3.6;2.8;2.5;5.6;4.0;210,000 CR;Car Collector;
Chevy Impala;Chevrolet;1964;Impala Super Sport 409;Rods & Customs;1;Common;US;C;544;5.5;3.6;3.4;3.0;2.3;5.4;3.9;46,000 CR;Autoshow;
Chevy Nova '66;Chevrolet;1966;Nova Super Sport;Classic Muscle;1;Common;US;C;554;5.4;3.4;3.6;3.1;2.3;5.3;3.9;250,000 CR;Reward;
Corvette '67;Chevrolet;1967;Corvette Stingray 427;Classic Muscle;3;Epic;US;B;623;5.5;4.3;3.9;3.0;3.1;5.8;4.3;150,000 CR;Autoshow;
Chevy Camaro '69;Chevrolet;1969;Camaro Super Sport Coupe;Classic Muscle;2;Rare;US;C;585;5.0;4.2;3.8;2.9;3.1;5.8;4.1;110,000 CR;Autoshow;
Chevy Nova '69;Chevrolet;1969;Nova Super Sport 396;Classic Muscle;1;Common;US;C;545;5.4;3.9;3.5;2.9;2.4;5.3;3.9;47,000 CR;Autoshow;
Corvette '70;Chevrolet;1970;Corvette ZR-1;Classic Muscle;3;Epic;US;B;610;4.9;4.3;3.9;2.9;3.1;5.4;4.1;310,000 CR;Wheelspin;
Chevy Camaro '70;Chevrolet;1970;Camaro Z28;Classic Muscle;2;Rare;US;C;539;5.1;3.7;3.4;3.3;2.4;4.9;3.8;53,000 CR;Autoshow;
Chevelle '70;Chevrolet;1970;Chevelle Super Sport 454;Classic Muscle;2;Rare;US;C;531;4.7;3.6;3.3;3.2;2.4;5.4;3.8;80,000 CR;Autoshow;
Chevy El Camino;Chevrolet;1970;El Camino Super Sport 454;Vans & Utility;2;Rare;US;C;544;5.9;3.6;3.2;3.1;2.4;5.5;4.0;65,000 CR;Autoshow;
Chevy K10 '72;Chevrolet;1972;K10 Custom;Pickups & 4x4s;1;Common;US;D;369;3.6;3.0;3.0;2.6;2.7;8.3;3.9;250,000 CR;Reward;
Chevy Camaro '79;Chevrolet;1979;Camaro Z28;Classic Muscle;2;Rare;US;D;466;4.5;4.1;3.5;2.9;2.5;5.4;3.8;35,000 CR;Autoshow;
Chevy MonteCarlo;Chevrolet;1988;Monte Carlo Super Sport;Retro Muscle;1;Common;US;D;396;5.0;4.0;3.1;2.3;2.0;5.0;3.6;25,000 CR;Autoshow;
Corvette '95;Chevrolet;1995;Corvette ZR-1;Retro Muscle;1;Common;US;B;693;6.5;5.2;4.8;4.0;3.7;4.5;4.8;45,000 CR;Autoshow;
Chevy Impala '96;Chevrolet;1996;Impala Super Sport;Retro Muscle;1;Common;US;C;509;5.0;4.3;3.6;2.6;2.7;5.2;3.9;20,000 CR;Autoshow;
Corvette '02;Chevrolet;2002;Corvette Z06;Retro Muscle;1;Common;US;A;722;7.2;5.8;4.6;4.5;3.9;4.5;5.1;35,000 CR;Autoshow;
Corvette '09;Chevrolet;2009;Corvette ZR1;Modern Muscle;2;Rare;US;S1;809;7.8;6.2;5.5;4.6;6.6;4.4;5.9;125,000 CR;Autoshow;
Chevy Camaro '15;Chevrolet;2015;Camaro Z/28;Track Toys;2;Rare;US;A;797;6.7;6.8;5.5;5.4;7.2;4.4;6.0;86,000 CR;Autoshow;
Corvette '15;Chevrolet;2015;Corvette Z06;Modern Muscle;2;Rare;US;S1;852;7.8;7.0;6.0;6.5;7.7;4.4;6.6;110,000 CR;Autoshow;
Chevy Camaro '17;Chevrolet;2017;Camaro ZL1;Modern Muscle;2;Rare;US;S1;821;7.3;7.2;6.1;4.9;5.6;4.8;6.0;60,000 CR;Autoshow;
Chevrolet ZR2;Chevrolet;2017;Colorado ZR2;Pickups & 4x4s;1;Common;US;C;530;5.4;3.0;3.9;3.4;3.0;8.2;4.5;46,000 CR;Autoshow;
Chevy Camaro '18;Chevrolet;2018;Camaro ZL1 1LE;Track Toys;2;Rare;US;S1;824;6.9;7.8;5.8;5.2;6.0;4.3;6.0;105,000 CR;Autoshow;
COPO Camaro '18;Chevrolet;2018;Hot Wheels COPO Camaro;Track Toys;2;Rare;US;S1;867;7.0;5.3;10.0;10.0;6.2;4.5;7.2;205,000 CR;Autoshow;Hot Wheels
Corvette '19;Chevrolet;2019;Corvette ZR1;Track Toys;3;Epic;US;S1;871;7.8;7.7;6.5;7.0;7.9;4.0;6.8;255,000 CR;Accolade;
Corvette C8 '20;Chevrolet;2020;Corvette Stingray Coupé;Modern Supercars;2;Rare;US;S1;806;7.2;7.0;6.9;7.6;5.2;4.8;6.5;65,000 CR;Autoshow;
Chevy Trail Boss;Chevrolet;2020;Silverado LT Trail Boss;Pickups & 4x4s;2;Rare;US;C;561;5.4;2.8;4.0;4.2;3.1;8.6;4.7;75,000 CR;Autoshow;American Automotive Pack
Corvette Z06 '23;Chevrolet;2023;Corvette Z06;Track Toys;3;Epic;US;S1;855;7.2;7.0;7.5;8.2;8.0;5.0;7.2;250,000 CR;Reward;
Corvette E-Ray;Chevrolet;2024;Corvette E-Ray;Modern Supercars;3;Epic;US;S1;834;7.2;7.0;9.5;9.6;7.4;5.5;7.7;250,000 CR;Reward;Forza Motorsport 8
Formentor '22;CUPRA;2021;Formentor VZ5;Sports Utility Heroes;3;Epic;ES;A;740;6.3;5.5;7.8;8.6;4.4;6.1;6.5;70,000 CR;Autoshow;
Tavascan '22;CUPRA;2022;Tavascan Concept;Sports Utility Heroes;3;Epic;ES;B;677;3.8;4.6;3.6;4.1;4.0;6.4;4.4;50,000 CR;Autoshow;
UrbanRebel '22;CUPRA;2022;UrbanRebel Concept;Track Toys;3;Epic;ES;S1;854;5.8;7.9;5.8;6.3;7.6;4.8;6.4;2,000,000 CR;Autoshow;
Czinger 21C;Czinger;2024;21 C;Extreme Track Toys;3;Epic;US;S2;998;8.3;9.5;8.8;3.5;10.0;5.5;7.6;2,000,000 CR;Autoshow;American Automotive Pack
Datsun 510;Datsun;1970;510;Cult Classics;1;Common;JP;D;264;3.7;3.7;2.8;2.3;1.9;5.0;3.2;25,000 CR;Autoshow;
DeBerti Shop Rod;DeBerti;1961;Ford Econoline 'Shop Rod';Rods & Customs;2;Rare;US;A;799;5.9;4.8;6.6;7.3;5.4;4.6;5.8;200,000 CR;Autoshow;American Automotive Pack
Deberti Wrangler;DeBerti;2013;Wrangler Unlimited;Unlimited Offroad;3;Epic;US;A;749;4.7;4.0;6.3;4.8;4.4;9.3;5.6;200,000 CR;Car Mastery;
Silverado DD;DeBerti;2018;Chevrolet Silverado 1500 Drift Truck;Drift Cars;3;Epic;US;A;798;6.7;4.8;4.9;5.1;5.2;4.0;5.1;300,000 CR;Autoshow;
Deberti F-150;DeBerti;2018;F-150 Prerunner;Unlimited Offroad;3;Epic;US;B;691;5.7;3.6;5.4;5.8;4.9;9.9;5.9;250,000 CR;Autoshow;
Ford Mustang DD;DeBerti;2018;Ford Mustang GT;Modern Muscle;3;Epic;US;S1;824;7.8;5.7;6.2;6.7;5.3;5.0;6.1;500,000 CR;Reward;
DeBerti F-250;DeBerti;2019;Ford Super Duty F-250 Lariat 'Transformer';Unlimited Offroad;3;Epic;US;B;665;5.6;3.7;4.9;3.8;3.8;10.0;5.3;250,000 CR;Reward;
DD Tacoma TRD;DeBerti;2019;"Toyota Tacoma TRD ""The Performance Truck""";Drift Cars;1;Common;US;S1;836;6.4;5.6;4.9;5.1;6.9;4.7;5.6;500,000 CR;Autoshow;
DeLorean DMC-12;DeLorean;1982;DMC-12;Retro Sports Cars;4;Legendary;US;D;464;4.3;4.9;2.8;2.3;3.1;6.0;3.9;15,000 CR;Reward;
Dodge Dart '68;Dodge;1968;Dart HEMI Super Stock;Classic Muscle;4;Legendary;US;B;650;4.5;3.6;4.1;4.2;2.9;4.9;4.0;300,000 CR;Barn Find;
Charger '69 FE;Dodge;1969;Charger R/T Forza Edition;Track Toys;5;Forza Edition;US;S1;900;6.6;7.9;7.1;7.3;7.3;3.9;6.7;70,000 CR;DLC;VIP
Charger Daytona;Dodge;1969;Charger Daytona HEMI;Classic Muscle;3;Epic;US;A;762;7.8;5.3;4.7;4.9;5.0;4.7;5.4;900,000 CR;Car Mastery;
Dodge Charger '69;Dodge;1969;Charger R/T;Classic Muscle;2;Rare;US;C;548;5.1;3.8;3.6;3.5;2.4;5.1;3.9;103,000 CR;Autoshow;
Challenger '70;Dodge;1970;Challenger R/T;Classic Muscle;3;Epic;US;C;551;5.5;3.8;3.4;3.3;2.5;5.0;3.9;210,000 CR;Autoshow;
Dodge Super Bee;Dodge;1970;Coronet Super Bee;Classic Muscle;2;Rare;US;C;566;5.8;3.3;3.5;3.4;2.4;5.1;3.9;250,000 CR;Reward;
Dodge Viper '99;Dodge;1999;Viper GTS ACR;Retro Muscle;4;Legendary;US;A;717;6.9;5.5;5.2;4.1;4.0;4.5;5.0;75,000 CR;Barn Find;
Dodge Magnum;Dodge;2008;Magnum SRT-8;Modern Muscle;2;Rare;US;B;669;6.4;5.3;4.4;3.4;4.7;4.9;4.9;35,000 CR;Autoshow;
Dodge Viper '08;Dodge;2008;Viper SRT10 ACR;Track Toys;2;Rare;US;S1;844;7.2;7.9;5.6;4.7;7.5;4.8;6.3;90,000 CR;Autoshow;
Viper '13 AE;Dodge;2013;SRT Viper GTS Anniversary Edition;Modern Muscle;6;Anniversary Edition;US;S1;900;7.9;9.3;6.5;6.1;8.1;4.4;7.1;250,000 CR;Accolade;
Dodge Viper '13;Dodge;2013;SRT Viper GTS;Modern Muscle;2;Rare;US;S1;813;7.6;6.1;5.5;4.6;5.8;4.7;5.7;95,000 CR;Autoshow;
Challenger '15;Dodge;2015;Challenger SRT Hellcat;Modern Muscle;2;Rare;US;A;755;7.7;5.4;4.5;4.6;4.9;4.2;5.2;75,000 CR;Autoshow;
Dodge Charger 15;Dodge;2015;Charger SRT Hellcat;Modern Muscle;2;Rare;US;A;762;7.8;5.3;4.7;4.9;5.0;4.7;5.4;80,000 CR;Autoshow;
Dodge Viper '16;Dodge;2016;Viper ACR;Track Toys;3;Epic;US;S1;873;6.7;8.6;6.2;5.3;9.4;4.4;6.8;150,000 CR;Autoshow;
Dodge SRT Demon;Dodge;2018;Challenger SRT Demon;Modern Muscle;2;Rare;US;A;786;7.8;5.5;4.8;5.0;5.3;4.6;5.5;150,000 CR;Autoshow;
Dodge Durango;Dodge;2018;Durango SRT;Sports Utility Heroes;1;Common;US;B;666;6.3;3.8;5.8;5.6;3.7;6.7;5.3;70,000 CR;Autoshow;
Donkervoort GTO;Donkervoort;2013;D8 GTO;Track Toys;3;Epic;NL;S1;814;6.2;6.1;5.7;6.1;5.7;3.8;5.6;250,000 CR;Reward;
Eagle Speedster;Eagle;2012;Speedster;Modern Sports Cars;4;Legendary;GB;A;723;6.1;5.9;4.9;4.3;4.9;4.2;5.1;550,000 CR;Reward;
Elemental Rp1;Elemental;2019;Rp1;Track Toys;2;Rare;GB;S1;867;5.4;8.3;6.7;5.8;9.9;5.0;6.9;150,000 CR;Autoshow;Super Speed Pack
Exocet OR FE;Exomotive;2018;Exocet Off-Road Forza Edition;Rally Monsters;5;Forza Edition;US;A;800;4.5;5.6;9.4;10.0;7.3;7.6;7.4;500,000 CR;Wheelspin;
Exocet Off-Road;Exomotive;2018;Exocet Off-Road;Unlimited Buggies;2;Rare;US;B;682;4.5;4.8;5.3;5.7;5.2;8.6;5.7;50,000 CR;Autoshow;
#125 Extreme E;Extreme E;2022;#125 ABT Cupra XE;Unlimited Offroad;2;Rare;FR;A;748;4.6;5.4;6.9;7.6;5.3;10.0;6.6;700,000 CR;Reward;
#22 Extreme E;Extreme E;2022;#22 JBXE;Unlimited Offroad;2;Rare;FR;A;748;4.6;5.4;6.9;7.6;5.3;10.0;6.6;700,000 CR;Reward;
#23 Extreme E;Extreme E;2022;#23 Genesys Andretti United;Unlimited Offroad;2;Rare;FR;A;748;4.6;5.4;6.9;7.6;5.3;10.0;6.6;700,000 CR;Reward;
#42 Extreme E;Extreme E;2022;#42 XITE Racing Team;Unlimited Offroad;2;Rare;FR;A;748;4.6;5.4;6.9;7.6;5.3;10.0;6.6;700,000 CR;Reward;
#44 Extreme E;Extreme E;2022;#44 X44;Unlimited Offroad;2;Rare;FR;A;748;4.6;5.4;6.9;7.6;5.3;10.0;6.6;700,000 CR;Reward;
#5 Extreme E;Extreme E;2022;#5 Veloce Racing;Unlimited Offroad;2;Rare;FR;A;748;4.6;5.4;6.9;7.6;5.3;10.0;6.6;700,000 CR;Reward;
#55 Extreme E;Extreme E;2022;#55 ACCIONA | Sainz XE Team;Unlimited Offroad;2;Rare;FR;A;748;4.6;5.4;6.9;7.6;5.3;10.0;6.6;700,000 CR;Reward;
#58 Extreme E;Extreme E;2022;#58 McLaren Racing;Unlimited Offroad;2;Rare;FR;A;748;4.6;5.4;6.9;7.6;5.3;10.0;6.6;700,000 CR;Reward;
#6 Extreme E;Extreme E;2022;#6 Rosberg X Racing;Unlimited Offroad;2;Rare;FR;A;748;4.6;5.4;6.9;7.6;5.3;10.0;6.6;700,000 CR;Reward;
#99 Extreme E;Extreme E;2022;#99 Chip Ganassi Racing GMC HUMMER EV;Unlimited Offroad;2;Rare;FR;A;748;4.6;5.4;6.9;7.6;5.3;10.0;6.6;700,000 CR;Autoshow;
FAF Impala;Fast and Furious;1966;Chevrolet Impala Super Sport 'Fast X';Track Toys;4;Legendary;US;S1;836;5.9;4.7;10.0;10.0;4.9;5.4;6.8;300,000 CR;Autoshow;Fast X Pack
FAF Charger;Fast and Furious;1970;Dodge Charger 'Fast X';Classic Muscle;4;Legendary;US;S1;855;8.1;4.8;6.6;7.2;5.1;5.1;6.2;300,000 CR;Autoshow;Fast X Pack
FAF 240Z;Fast and Furious;1973;Datsun 240Z 'Fast X';Classic Sports Cars;4;Legendary;US;S1;838;7.8;5.6;6.0;2.7;4.9;5.0;5.3;300,000 CR;Autoshow;Fast X Pack
FAF Hellcat;Fast and Furious;2022;Dodge Charger SRT Hellcat Redeye Widebody 'Fast X';Modern Muscle;4;Legendary;US;S1;831;8.4;5.4;5.4;5.7;5.7;4.7;5.9;120,000 CR;Autoshow;Fast X Pack
FAF Flip Car;Fast and Furious;2022;Flip Car 2.0 'Fast X';Track Toys;4;Legendary;US;S1;815;5.8;6.6;6.5;5.5;6.2;4.7;5.9;300,000 CR;Autoshow;Fast X Pack
Ferrari 250 Cali;Ferrari;1957;250 California;Rare Classics;4;Legendary;IT;C;564;5.4;4.0;3.4;2.3;2.8;5.7;3.9;18,500,000 CR;Autoshow;
Ferrari 250 TR;Ferrari;1957;250 Testa Rossa;Classic Racers;4;Legendary;IT;B;691;6.3;4.4;4.5;4.2;2.9;4.5;4.5;16,400,000 CR;Autoshow;
Ferrari 250 GT;Ferrari;1962;250 GT Berlinetta Lusso;Rare Classics;4;Legendary;IT;C;590;5.5;4.2;4.1;3.1;2.9;5.4;4.2;2,600,000 CR;Autoshow;
Ferrari 250 GTO;Ferrari;1962;250 GTO;Classic Racers;4;Legendary;IT;B;612;6.4;3.9;3.5;2.5;2.8;5.2;4.1;50,000,000 CR;Barn Find;
#24 Ferrari P4;Ferrari;1967;#24 Ferrari Spa 330 P4;Classic Racers;4;Legendary;IT;A;780;7.2;5.1;6.3;5.9;4.2;4.4;5.5;9,000,000 CR;Autoshow;
Ferrari 365 GTB4;Ferrari;1968;365 GTB/4;Rare Classics;3;Epic;IT;B;637;7.0;4.4;4.4;3.1;3.0;5.4;4.6;600,000 CR;Autoshow;
Ferrari Dino;Ferrari;1969;Dino 246 GT;Rare Classics;3;Epic;IT;C;535;5.2;4.9;3.2;2.0;2.8;5.4;3.9;425,000 CR;Wheelspin;
Ferrari 512 S;Ferrari;1970;512 S;Classic Racers;4;Legendary;IT;S1;861;7.9;6.6;6.5;6.0;5.7;4.9;6.3;3,500,000 CR;Autoshow;
Ferrari 288 GTO;Ferrari;1984;288 GTO;Retro Supercars;4;Legendary;IT;A;750;7.4;5.6;5.6;3.1;4.2;4.7;5.1;3,500,000 CR;Autoshow;
Ferrari F40;Ferrari;1987;F40;Retro Supercars;4;Legendary;IT;A;784;7.3;6.5;6.3;2.6;5.3;5.0;5.5;1,200,000 CR;Autoshow;
Ferrari F40 C;Ferrari;1989;F40 Competizione;Extreme Track Toys;4;Legendary;IT;S2;947;8.3;10.0;6.6;1.7;8.5;4.4;6.6;2,000,000 CR;Barn Find;
Ferrari 512TR;Ferrari;1992;512 TR;Retro Supercars;3;Epic;IT;A;733;7.2;6.1;4.9;3.8;4.5;4.6;5.2;270,000 CR;Reward;
Ferrari F355;Ferrari;1994;F355 Berlinetta;Retro Supercars;3;Epic;IT;A;717;6.8;6.1;4.5;3.6;4.3;4.9;5.0;190,000 CR;Autoshow;
Ferrari F50;Ferrari;1995;F50;Retro Supercars;4;Legendary;IT;A;789;7.3;6.5;5.7;5.0;5.6;4.8;5.8;2,000,000 CR;Autoshow;
Ferrari F50 GT;Ferrari;1996;F50 GT;Extreme Track Toys;4;Legendary;IT;S2;976;8.1;10.0;7.0;7.1;10.0;4.1;7.7;2,000,000 CR;Autoshow;
Ferrari Enzo;Ferrari;2002;Enzo Ferrari;Retro Supercars;4;Legendary;IT;S1;857;8.1;7.5;6.4;6.9;8.3;4.7;7.0;2,800,000 CR;Autoshow;
Ferrari 575M;Ferrari;2002;575M Maranello;Retro Supercars;3;Epic;IT;A;747;7.5;5.6;5.6;5.7;4.4;4.9;5.6;250,000 CR;Reward;
Ferrari 360 CS;Ferrari;2003;360 Challenge Stradale;Retro Supercars;3;Epic;IT;A;773;7.0;6.8;6.1;5.6;6.6;4.7;6.1;200,000 CR;Wheelspin;
Ferrari FXX;Ferrari;2005;FXX;Extreme Track Toys;4;Legendary;IT;S2;956;8.4;10.0;8.1;8.9;10.0;4.4;8.3;2,500,000 CR;Autoshow;
Ferrari 430 S;Ferrari;2007;430 Scuderia;Modern Supercars;3;Epic;IT;S1;810;7.6;6.9;6.2;6.4;6.9;4.3;6.4;300,000 CR;Autoshow;
Ferrari 458;Ferrari;2009;458 Italia;Modern Supercars;3;Epic;IT;S1;823;7.9;7.2;6.3;6.8;6.9;4.1;6.5;225,000 CR;Autoshow;
Ferrari 599XX;Ferrari;2010;599XX;Extreme Track Toys;4;Legendary;IT;S2;924;8.3;8.9;7.2;7.9;9.4;3.5;7.5;2,000,000 CR;Autoshow;
Ferrari 599 GTO;Ferrari;2010;599 GTO;Super GT;3;Epic;IT;S1;828;7.9;7.4;6.0;6.3;7.2;4.5;6.6;350,000 CR;Reward;
Ferrari 599XX E;Ferrari;2012;599XX Evolution;Extreme Track Toys;4;Legendary;IT;S2;952;8.0;9.8;7.3;7.9;10.0;3.8;7.8;2,600,000 CR;Autoshow;
LaFerrari;Ferrari;2013;LaFerrari;Hypercars;4;Legendary;IT;S2;934;9.4;9.0;7.2;7.9;9.6;4.4;7.9;1,500,000 CR;Car Collector;
Ferrari 458 S;Ferrari;2013;458 Speciale;Track Toys;3;Epic;IT;S1;865;7.7;8.0;6.9;7.5;7.9;3.7;7.0;340,000 CR;Wheelspin;
Ferrari FXX K;Ferrari;2014;FXX K;Extreme Track Toys;4;Legendary;IT;S2;979;8.1;10.0;8.1;9.0;10.0;3.6;8.1;2,700,000 CR;Autoshow;
Ferrari Cali T;Ferrari;2014;California T;Super GT;3;Epic;IT;A;784;7.2;6.1;5.7;6.1;6.2;4.5;6.0;250,000 CR;Reward;
Ferrari 488 GTB;Ferrari;2015;488 GTB;Modern Supercars;3;Epic;IT;S1;863;8.2;7.9;6.8;6.5;7.8;4.4;6.9;290,000 CR;Autoshow;
Ferrari F12tdf;Ferrari;2015;F12tdf;Super GT;3;Epic;IT;S1;884;8.8;7.6;6.5;7.0;8.4;4.8;7.2;500,000 CR;Autoshow;
Ferrari 812;Ferrari;2017;812 Superfast;Super GT;4;Legendary;IT;S1;878;7.9;7.5;6.2;6.6;7.6;4.0;6.6;350,000 CR;Autoshow;
#25 Ferrari 488;Ferrari;2017;#25 Corse Clienti 488 Challenge;Track Toys;3;Epic;IT;S2;911;7.5;9.2;7.7;8.4;9.8;4.0;7.8;400,000 CR;Autoshow;
Ferrari GTC4L;Ferrari;2017;GTC4Lusso;Super GT;3;Epic;IT;S1;816;7.5;6.8;6.9;6.7;6.6;5.1;6.6;300,000 CR;Wheelspin;
Ferrari J50 '17;Ferrari;2017;J50;Modern Supercars;2;Rare;IT;S1;857;8.4;7.5;6.8;7.4;7.3;4.3;7.0;2,500,000 CR;Autoshow;
Ferrari FXX-K E;Ferrari;2018;FXX-K Evo;Extreme Track Toys;4;Legendary;IT;S2;998;8.1;10.0;8.3;9.1;10.0;4.0;8.3;3,000,000 CR;Autoshow;
Portofino '18;Ferrari;2018;Portofino;Super GT;3;Epic;IT;S1;814;7.8;6.5;6.3;6.8;6.8;4.7;6.5;215,000 CR;Autoshow;
Ferrari Monza;Ferrari;2019;Monza SP2;Super GT;4;Legendary;IT;S1;867;8.6;7.3;6.1;6.6;7.1;3.7;6.6;2,000,000 CR;Autoshow;
488 Pista '19;Ferrari;2019;488 Pista;Track Toys;3;Epic;IT;S1;889;7.6;8.2;7.0;7.6;8.4;4.2;7.2;320,000 CR;Autoshow;
F8 Tributo '20;Ferrari;2020;F8 Tributo;Modern Supercars;4;Legendary;IT;S1;891;8.4;8.3;7.2;7.9;8.1;4.4;7.4;300,000 CR;Reward;
SF90 Stradale;Ferrari;2020;SF90 Stradale;Hypercars;4;Legendary;IT;S2;915;8.8;8.1;9.8;10.0;8.0;4.6;8.2;750,000 CR;Reward;
Ferrari Roma;Ferrari;2020;Roma;Super GT;3;Epic;IT;S1;830;7.4;5.9;5.9;6.3;6.9;4.9;6.2;300,000 CR;Autoshow;Italian Exotics Pack
Ferrari 296 GTB;Ferrari;2022;296 GTB;Modern Supercars;3;Epic;IT;S1;892;8.1;7.2;7.0;7.7;8.0;4.7;7.1;300,000 CR;Autoshow;Italian Exotics Pack
Fiat Dino;FIAT;1969;Dino 2.4 Coupe;Classic Sports Cars;2;Rare;IT;D;498;4.8;4.0;3.7;2.7;2.9;5.6;4.0;250,000 CR;Reward;
Fiat 124 Spider;FIAT;1980;124 Sport Spider;Classic Sports Cars;1;Common;IT;D;288;3.9;3.2;2.3;2.9;2.1;5.0;3.2;25,000 CR;Autoshow;
Ford Coupe FE;Ford;1932;De Luxe Five-Window Coupe Forza Edition;Unlimited Buggies;5;Forza Edition;US;A;800;6.6;3.0;5.8;6.3;5.8;8.5;6.0;294,000 CR;DLC;Controller
Ford Coupe '32;Ford;1932;De Luxe Five-Window Coupe;Rods & Customs;1;Common;US;D;126;3.2;3.9;1.9;2.8;1.8;4.8;3.1;35,000 CR;Autoshow;
Ford Coupe '40;Ford;1940;De Luxe Coupe;Rods & Customs;1;Common;US;D;130;3.2;3.6;2.1;2.2;1.8;6.1;3.2;44,000 CR;Autoshow;
Ford Wagon;Ford;1946;Super Deluxe Station Wagon;Rods & Customs;1;Common;US;D;124;3.4;3.8;1.7;2.0;1.7;6.0;3.1;250,000 CR;Reward;
Ford F-100;Ford;1956;F-100;Rods & Customs;4;Legendary;US;D;302;3.8;2.7;3.1;3.0;2.1;6.9;3.6;36,000 CR;Barn Find;
Ford Anglia '59;Ford;1959;Anglia 105E;Cult Classics;1;Common;US;D;100;2.6;4.1;1.6;2.6;2.0;6.1;3.2;20,000 CR;Autoshow;
Ford GT40 '64;Ford;1964;GT40 MkI;Classic Racers;4;Legendary;US;A;754;6.9;5.2;4.6;3.7;4.0;4.8;4.9;11,000,000 CR;Car Collector;
Ford Mustang '65;Ford;1965;Mustang GT Coupe;Classic Muscle;2;Rare;US;D;499;5.1;3.6;3.3;3.2;2.3;5.4;3.8;46,000 CR;Autoshow;
Ford Transit Mk1;Ford;1965;Transit;Vans & Utility;1;Common;US;D;100;2.5;4.2;1.3;1.8;1.8;6.3;3.0;25,000 CR;Autoshow;
#2 Ford GT40;Ford;1966;#2 GT40 MK II;Classic Racers;4;Legendary;US;A;771;7.5;5.0;4.3;3.5;3.8;4.7;4.8;11,000,000 CR;Autoshow;
Ford Cortina;Ford;1966;Lotus Cortina;Classic Racers;1;Common;US;D;389;4.0;3.9;3.5;2.6;2.3;5.3;3.6;50,000 CR;Autoshow;
Ford Escort '67;Ford;1967;Racing Escort Mk1;Classic Rally;4;Legendary;US;B;636;4.5;4.8;4.6;3.5;4.1;7.3;4.8;500,000 CR;Barn Find;
Ford Mustang '68;Ford;1968;Mustang GT 2+2 Fastback;Classic Muscle;4;Legendary;US;D;498;5.7;3.9;3.4;3.3;2.3;5.5;4.0;50,000 CR;Barn Find;
Ford Mustang '69;Ford;1969;Mustang Boss 302;Classic Muscle;2;Rare;US;C;581;5.5;4.4;3.2;2.3;3.0;5.8;4.0;230,000 CR;Autoshow;
Ford GT70 '70;Ford;1970;GT70;Classic Rally;2;Rare;US;B;671;5.1;5.5;4.2;3.1;3.4;7.3;4.8;150,000 CR;Autoshow;
Ford Mustang '71;Ford;1971;Mustang Mach 1;Classic Muscle;3;Epic;US;C;546;4.8;3.8;3.4;3.2;2.5;5.2;3.8;250,000 CR;Reward;
Ford Falcon '72;Ford;1972;Falcon XA GT-HO;Classic Muscle;2;Rare;US;B;624;6.3;4.2;4.0;3.3;2.9;5.4;4.4;80,000 CR;Autoshow;
Ford Capri MkI;Ford;1973;Capri RS3100;Classic Sports Cars;2;Rare;US;D;497;4.8;4.1;3.8;3.3;2.5;5.2;4.0;55,000 CR;Autoshow;
Ford Escort '73;Ford;1973;Escort RS1600;Classic Rally;2;Rare;US;D;476;4.2;4.1;3.7;2.7;2.9;5.9;3.9;73,000 CR;Autoshow;
Ford XB Falcon;Ford;1973;XB Falcon GT;Classic Muscle;2;Rare;US;C;532;5.2;3.6;3.3;3.2;2.7;5.2;3.9;250,000 CR;Reward;
Ford Bronco;Ford;1975;Bronco;Pickups & 4x4s;1;Common;US;D;421;4.3;3.0;3.5;2.8;2.1;8.0;4.0;38,000 CR;Autoshow;
#5 Escort '77;Ford;1977;#5 Escort RS1800 MKII;Classic Rally;3;Epic;US;B;662;4.4;4.5;5.0;5.3;3.8;7.0;5.0;300,000 CR;Autoshow;
Ford Escort '77;Ford;1977;Escort RS1800;Classic Rally;2;Rare;US;D;477;4.2;4.2;3.6;3.0;2.8;6.0;4.0;88,000 CR;Autoshow;
Ford Fiesta '81;Ford;1981;Fiesta XR2;Retro Hot Hatch;3;Epic;US;D;369;3.8;4.4;3.1;2.4;2.5;5.1;3.6;25,000 CR;Wheelspin;
Ford RS200;Ford;1985;RS200 Evolution;Rally Monsters;2;Rare;US;S1;808;5.4;5.7;6.9;2.3;5.0;7.8;5.5;260,000 CR;Autoshow;
Ford Escort RS;Ford;1986;Escort RS Turbo;Retro Hot Hatch;1;Common;US;C;516;4.5;4.2;3.8;3.7;2.8;3.9;3.8;25,000 CR;Autoshow;
Ford F-150 '86;Ford;1986;F-150 XLT Lariat;Pickups & 4x4s;1;Common;US;D;357;3.5;3.0;2.6;1.6;3.0;8.3;3.7;250,000 CR;Reward;
Ford Mustang SVO;Ford;1986;Mustang SVO;Retro Muscle;1;Common;US;C;525;5.1;4.5;3.9;2.8;2.8;5.4;4.1;15,000 CR;Autoshow;
Ford RS500;Ford;1987;Sierra Cosworth RS500;Retro Saloons;2;Rare;US;B;604;5.6;4.8;4.3;3.3;3.4;4.8;4.4;66,000 CR;Autoshow;
Ford Escort '92;Ford;1992;Escort RS Cosworth;Retro Rally;2;Rare;US;C;565;5.2;4.8;4.3;2.8;3.1;5.2;4.2;66,000 CR;Autoshow;
Ford Mustang '93;Ford;1993;SVT Cobra R;Retro Muscle;1;Common;US;C;539;5.3;4.5;3.7;2.9;2.9;4.7;4.0;28,000 CR;Autoshow;
Supervan 3 DME;Ford;1994;Supervan 3 Donut Media Edition;Track Toys;6;Donut Edition;US;S1;900;6.0;8.2;8.3;9.1;9.2;4.2;7.5;500,000 CR;Accolade;
Ford Supervan 3;Ford;1994;Supervan 3;Track Toys;3;Epic;US;S1;820;5.2;8.0;7.4;5.5;7.9;4.6;6.4;500,000 CR;Autoshow;
Ford Puma FE;Ford;1999;Racing Puma Forza Edition;Rally Monsters;5;Forza Edition;US;S1;900;5.7;6.3;9.4;6.0;5.8;8.0;6.9;500,000 CR;DLC;VIP
Ford Racing Puma;Ford;1999;Racing Puma;Retro Rally;2;Rare;US;C;514;4.9;4.6;3.5;2.7;3.3;5.0;4.0;20,000 CR;Autoshow;
Ford Mustang '00;Ford;2000;SVT Cobra R;Retro Muscle;1;Common;US;B;648;6.7;5.0;4.0;4.0;3.4;4.5;4.6;55,000 CR;Autoshow;
#4 Ford Focus;Ford;2001;#4 Ford Focus RS;Rally Monsters;2;Rare;US;A;749;4.9;5.0;7.1;9.6;4.0;8.3;6.5;200,000 CR;Autoshow;Rally
Ford Lightning;Ford;2003;F-150 SVT Lightning;Vans & Utility;1;Common;US;C;585;5.3;4.5;4.2;3.0;3.4;6.1;4.4;20,000 CR;Autoshow;
Ford Focus '03;Ford;2003;Focus RS;Hot Hatch;1;Common;US;C;563;5.1;5.1;4.1;3.6;3.5;4.6;4.3;30,000 CR;Autoshow;
Ford GT '05;Ford;2005;GT;Retro Supercars;3;Epic;US;A;786;7.7;6.6;4.7;3.3;5.3;5.1;5.5;300,000 CR;Wheelspin;
Ford Focus '09;Ford;2009;Focus RS;Super Hot Hatch;1;Common;US;B;660;5.6;5.5;4.4;4.5;3.9;4.7;4.8;25,000 CR;Autoshow;
Crown Victoria;Ford;2010;Crown Victoria Police Interceptor;Retro Muscle;1;Common;US;D;462;5.2;4.1;3.1;1.9;2.5;5.6;3.7;25,000 CR;Autoshow;
Ford Raptor '11;Ford;2011;F-150 SVT Raptor;Pickups & 4x4s;2;Rare;US;C;518;5.3;3.3;4.1;3.1;2.8;8.6;4.5;42,000 CR;Autoshow;
Ford Transit SSV;Ford;2011;Transit Supersportvan;Vans & Utility;2;Rare;US;D;347;4.5;4.0;2.7;3.1;2.3;5.4;3.7;50,000 CR;Autoshow;
Ford Mustang '13;Ford;2013;Shelby GT500;Modern Muscle;2;Rare;US;A;756;7.4;5.2;4.7;4.6;4.3;4.9;5.2;115,000 CR;Autoshow;
#11 Ford F-150;Ford;2014;#11 Rockstar F-150 Trophy Truck;Unlimited Offroad;3;Epic;US;A;731;5.6;3.3;4.6;4.5;4.8;9.1;5.3;500,000 CR;Autoshow;
Ford Ranger T6;Ford;2014;Ranger T6 Rally Raid;Offroad;3;Epic;US;B;643;4.4;4.8;5.4;7.8;4.0;8.4;5.8;250,000 CR;Autoshow;
Ford Fiesta '14;Ford;2014;Fiesta ST;Hot Hatch;1;Common;US;B;607;5.2;5.1;4.1;4.2;3.5;4.9;4.5;25,000 CR;Autoshow;
Ford Ute '14;Ford;2014;FPV Limited Edition Pursuit Ute;Vans & Utility;1;Common;US;B;685;6.3;5.0;4.7;4.9;3.7;5.1;5.0;50,000 CR;Autoshow;
Ford Falcon '15;Ford;2015;Falcon GT F 351;Modern Muscle;1;Common;US;A;718;7.1;5.5;4.8;5.0;4.4;4.7;5.3;60,000 CR;Autoshow;
Ford Mustang '16;Ford;2016;Shelby GT350R;Track Toys;2;Rare;US;S1;815;7.2;6.8;6.1;6.2;6.1;5.3;6.3;75,000 CR;Autoshow;
Ford GT OPI;Ford;2017;GT 'OPI Edition';Modern Supercars;4;Legendary;US;S1;900;8.6;7.9;6.7;4.2;9.2;4.5;6.9;400,000 CR;DLC;Make-Up
#14 Ford Fiesta;Ford;2017;#14 Rahal Letterman Lanigan Racing Fiesta;Rally Monsters;3;Epic;US;S1;860;5.0;5.6;9.2;10.0;5.9;7.6;7.2;500,000 CR;Wheelspin;
#25 Ford Bronco;Ford;2017;"#25 ""Brocky"" Ultra4 Bronco RTR";Unlimited Offroad;3;Epic;US;A;748;4.7;4.1;6.1;5.2;5.2;10.0;5.9;500,000 CR;Autoshow;
Ford Focus '17;Ford;2017;Focus RS;Super Hot Hatch;3;Epic;US;A;702;6.2;6.0;5.8;3.7;4.2;5.5;5.2;59,000 CR;Autoshow;
Ford GT '17;Ford;2017;GT;Modern Supercars;3;Epic;US;S1;863;8.3;7.1;6.6;3.6;8.5;4.4;6.4;400,000 CR;Autoshow;
Ford Fiesta RS;Ford;2017;M-Sport Fiesta RS;Rally Monsters;3;Epic;US;S1;808;5.1;6.1;8.7;9.7;6.1;8.5;7.4;500,000 CR;Autoshow;
Ford Raptor '17;Ford;2017;F-150 Raptor;Pickups & 4x4s;1;Common;US;C;559;4.9;3.3;4.8;4.0;3.3;8.7;4.8;63,000 CR;Autoshow;
#25 RTR Mustang;Ford;2018;#25 Mustang RTR;Drift Cars;3;Epic;US;S1;834;5.9;5.3;5.2;5.5;4.7;4.1;5.1;500,000 CR;Autoshow;
#88 RTR Mustang;Ford;2018;#88 Mustang RTR;Drift Cars;3;Epic;US;S1;834;5.9;5.3;5.2;5.5;4.7;4.1;5.1;500,000 CR;Autoshow;
Ford Mustang S5;Ford;2018;Mustang RTR Spec 5;Modern Muscle;2;Rare;US;A;757;6.5;6.2;5.1;5.4;4.8;4.6;5.4;105,000 CR;Autoshow;
Ford Mustang '18;Ford;2018;Mustang GT;Modern Muscle;1;Common;US;A;756;6.9;5.5;5.2;5.5;4.4;4.9;5.4;40,000 CR;Autoshow;
Ranger Raptor;Ford;2019;Ranger Raptor;Pickups & 4x4s;3;Epic;US;D;451;4.5;3.3;2.7;4.9;3.1;8.6;4.5;58,000 CR;Wheelspin;
#2069 Bronco R;Ford;2020;#2069 Ford Performance Bronco R;Offroad;3;Epic;US;C;544;4.2;4.1;3.2;5.2;4.8;10.0;5.3;250,000 CR;Autoshow;
Ford GT500 '20;Ford;2020;Mustang Shelby GT500;Modern Muscle;2;Rare;US;S1;836;7.7;6.6;5.8;6.1;5.6;4.8;6.1;100,000 CR;Autoshow;
Bronco R WP;Ford;2020;"#2069 Ford Bronco R ""Welcome Pack""";Offroad;1;Common;US;A;800;6.1;3.9;8.8;9.9;5.4;9.9;7.3;250,000 CR;Autoshow;Welcome Pack
Ford SD F-450;Ford;2020;Super Duty F-450 DRW Platinum;Pickups & 4x4s;1;Common;US;D;466;4.6;3.1;4.3;7.3;2.7;8.1;5.0;70,000 CR;Autoshow;
Ford Mach-E 1400;Ford;2021;Mustang Mach-E 1400;Track Toys;4;Legendary;US;S1;900;5.6;6.9;7.3;8.1;8.4;4.2;6.8;750,000 CR;Accolade;
Ford Bronco '21;Ford;2021;Bronco;Pickups & 4x4s;2;Rare;US;C;560;4.9;3.5;4.0;6.1;3.4;8.4;5.1;55,000 CR;Autoshow;
Bronco Raptor;Ford;2022;Bronco Raptor;Pickups & 4x4s;3;Epic;US;C;588;5.1;3.4;4.8;5.3;3.3;9.4;5.2;250,000 CR;Reward;
F-150 Lightning;Ford;2022;Ford F-150 Lightning Platinum;Pickups & 4x4s;3;Epic;US;B;607;3.8;2.6;5.1;5.4;2.9;8.3;4.7;100,000 CR;Autoshow;Rally
#98 BMW 325i;Formula Drift;1989;#98 BMW 325i;Drift Cars;3;Epic;US;S1;813;6.9;5.1;5.0;5.2;4.2;4.1;5.1;300,000 CR;Autoshow;
#34 Toyota Supra;Formula Drift;1995;#34 Toyota Supra MKIV;Drift Cars;3;Epic;US;S1;845;7.7;5.6;5.2;3.7;5.6;4.2;5.3;300,000 CR;Autoshow;Formula Drift Pack
#51 Nissan 240SX;Formula Drift;1996;#51 Donut Media Nissan 240SX;Drift Cars;3;Epic;US;S1;822;6.0;5.1;4.8;5.0;5.3;3.9;5.0;250,000 CR;Accolade;
#777 Nissan 240;Formula Drift;1997;#777 Nissan 240SX;Drift Cars;3;Epic;US;S1;826;6.7;5.3;5.2;5.5;4.4;4.0;5.2;300,000 CR;Autoshow;
#43 Dodge Viper;Formula Drift;2006;#43 Dodge Viper SRT10;Drift Cars;3;Epic;US;S1;826;7.3;5.4;5.3;5.6;4.9;3.7;5.4;300,000 CR;Autoshow;
Formula D 599;Formula Drift;2007;#117 599 GTB Fiorano;Drift Cars;3;Epic;US;S1;852;6.8;5.3;5.7;6.1;4.7;4.4;5.5;500,000 CR;Autoshow;
#99 Mazda RX-8;Formula Drift;2009;#99 Mazda RX-8;Drift Cars;3;Epic;US;S1;829;6.7;5.4;4.7;3.2;4.5;4.0;4.8;300,000 CR;Autoshow;Formula Drift Pack
#777 Corvette;Formula Drift;2013;#777 Chevrolet Corvette;Drift Cars;3;Epic;US;S1;848;6.4;5.5;5.1;5.4;4.8;3.6;5.1;300,000 CR;Autoshow;
#13 Ford Mustang;Formula Drift;2015;#13 Ford Mustang;Drift Cars;3;Epic;US;S1;825;5.8;5.4;5.1;5.4;4.7;4.1;5.1;300,000 CR;Autoshow;
#530 HSV Maloo;Formula Drift;2016;#530 HSV Maloo Gen-F;Drift Cars;3;Epic;US;S1;808;7.6;5.3;4.6;4.8;4.3;4.1;5.1;300,000 CR;Autoshow;
#357 Corvette;Formula Drift;2017;#357 Chevrolet Corvette Z06;Drift Cars;3;Epic;US;S1;835;8.9;5.5;5.1;5.4;4.9;4.4;5.7;150,000 CR;Autoshow;Formula Drift Pack
#64 Nissan 370Z;Formula Drift;2018;#64 Nissan 370Z;Drift Cars;3;Epic;US;S1;843;7.3;5.4;5.2;5.5;4.4;4.0;5.3;300,000 CR;Autoshow;
#411 FD Corolla;Formula Drift;2019;#411 Toyota Corolla Hatchback;Drift Cars;3;Epic;US;S1;840;7.0;5.2;5.0;5.2;5.5;4.2;5.4;300,000 CR;Autoshow;Formula Drift Pack
#151 FD Supra;Formula Drift;2020;#151 Toyota GR Supra;Drift Cars;3;Epic;US;S1;863;6.2;5.3;5.5;3.6;5.6;4.1;5.1;300,000 CR;Autoshow;Formula Drift Pack
#91 BMW M2;Formula Drift;2020;#91 BMW M2;Drift Cars;3;Epic;US;S1;839;6.7;5.3;5.2;5.6;5.0;3.9;5.3;300,000 CR;Autoshow;Formula Drift Pack
#64 Nissan Z;Formula Drift;2023;#64 Forsberg Racing Nissan Z;Drift Cars;3;Epic;US;S1;854;7.1;5.3;5.4;5.7;5.5;4.3;5.6;300,000 CR;Reward;
Datsun 280Z;Forsberg Racing;1975;"Nissan ""Gold Leader"" Datsun 280Z";Retro Sports Cars;2;Rare;US;A;791;6.7;6.3;6.1;4.1;4.8;4.1;5.4;100,000 CR;Autoshow;Formula Drift Pack
FR Stock Car;Forsberg Racing;2010;Toyota Gumout 2JZ Camry Stock Car;Track Toys;2;Rare;US;S1;900;8.3;8.8;4.2;1.7;5.1;3.7;5.3;400,000 CR;Autoshow;Formula Drift Pack
'SafariZ' 370Z;Forsberg Racing;2014;Nissan 'SafariZ' 370Z Safari Rally Tribute;Rally Monsters;3;Epic;US;A;720;6.1;5.4;5.0;5.1;3.9;7.9;5.6;40,000 CR;Autoshow;
Altimaniac;Forsberg Racing;2021;Nissan 'Altimaniac';Drift Cars;3;Epic;US;S1;881;7.4;5.9;5.2;5.5;6.6;4.3;5.8;300,000 CR;Autoshow;Horizon Racing Pack
Funco F9;Funco Motorsports;2018;F9;Unlimited Buggies;3;Epic;US;S1;821;5.2;2.9;7.6;8.5;5.1;8.8;6.4;500,000 CR;Wheelspin;
GMC K5 Jimmy;GMC;1970;Jimmy;Pickups & 4x4s;4;Legendary;US;C;521;4.4;3.4;4.5;3.6;3.1;9.1;4.7;75,000 CR;Barn Find;
GMC Vandura;GMC;1983;Vandura G-1500;Vans & Utility;1;Common;US;D;226;3.6;4.0;2.3;2.2;2.1;6.5;3.5;25,000 CR;Autoshow;
GMC Syclone;GMC;1991;Syclone;Vans & Utility;3;Epic;US;C;548;5.3;4.3;5.4;2.6;2.6;5.7;4.3;250,000 CR;Reward;
GMC Typhoon;GMC;1992;Typhoon;Vans & Utility;3;Epic;US;C;538;5.2;4.4;5.1;2.5;2.6;5.7;4.3;250,000 CR;Reward;
Barbie HUMMER EV;GMC;2022;'Barbie Movie' HUMMER EV Pickup;Pickups & 4x4s;3;Epic;US;A;718;3.7;2.9;5.2;5.6;3.5;8.2;4.9;250,000 CR;Autoshow;
HUMMER EV Truck;GMC;2022;HUMMER EV Pickup;Pickups & 4x4s;3;Epic;US;A;718;3.7;2.9;5.2;5.6;3.5;8.2;4.9;250,000 CR;Reward;
GMA T.50;Gordon Murray Automotive;2022;T.50;Hypercars;4;Legendary;GB;S2;936;8.0;8.5;7.7;8.4;10.0;5.2;8.0;2,840,000 CR;Reward;
HDT VK Commodore;HDT;1985;VK Commodore Group A;Retro Muscle;2;Rare;AU;C;550;5.1;4.2;3.7;2.6;2.7;5.0;3.9;250,000 CR;Reward;
Venom GT;Hennessey;2012;Venom GT;Hypercars;4;Legendary;US;S2;911;9.8;7.4;6.8;7.4;7.8;4.1;7.2;1,200,000 CR;Autoshow;
Exorcist '19;Hennessey;2019;Camaro Exorcist;Track Toys;4;Legendary;US;S1;857;7.8;6.7;5.6;6.0;6.0;4.6;6.1;250,000 CR;Accolade;
VelociRaptor '19;Hennessey;2019;VelociRaptor 6x6;Pickups & 4x4s;4;Legendary;US;B;634;5.2;4.0;5.5;2.8;4.5;10.0;5.3;350,000 CR;Autoshow;
Venom F5;Hennessey;2021;Venom F5;Hypercars;4;Legendary;US;S2;964;10.0;9.6;6.8;7.3;8.7;4.2;7.8;3,000,000 CR;Autoshow;Hot Wheels
Holden Monaro;Holden;1973;HQ Monaro GTS 350;Classic Muscle;1;Common;AU;C;525;4.8;3.9;3.6;3.2;2.5;5.3;3.9;75,000 CR;Autoshow;
Holden Sandman;Holden;1974;Sandman HQ Panel Van;Vans & Utility;1;Common;AU;C;501;4.8;4.0;3.8;3.1;2.6;5.8;4.0;55,000 CR;Autoshow;
Holden Torana;Holden;1977;Torana A9X;Classic Muscle;2;Rare;AU;C;517;4.9;4.0;3.4;2.8;2.7;5.2;3.8;130,000 CR;Autoshow;
Honda Civic '74;Honda;1974;Civic RS;Retro Hot Hatch;1;Common;JP;D;368;3.9;4.2;2.4;3.0;2.4;5.1;3.5;25,000 CR;Autoshow;
Honda Civic '84;Honda;1984;Civic CRX Mugen;Retro Hot Hatch;3;Epic;JP;D;499;4.8;4.7;3.0;1.8;2.6;4.6;3.6;40,000 CR;Reward;
Honda CR-X;Honda;1991;CR-X SiR;Retro Hot Hatch;1;Common;JP;C;534;5.1;5.1;3.2;2.3;2.9;5.4;4.0;20,000 CR;Autoshow;
Honda NSX-R '92;Honda;1992;NSX-R;Retro Sports Cars;3;Epic;JP;B;691;6.2;6.1;4.9;3.8;4.3;4.6;5.0;90,000 CR;Autoshow;
Honda Prelude 94;Honda;1994;Prelude Si;Retro Hot Hatch;1;Common;JP;C;521;5.0;4.7;3.7;3.1;3.1;5.4;4.2;20,000 CR;Autoshow;
Honda Civic '97;Honda;1997;Civic Type R;Retro Hot Hatch;1;Common;JP;C;553;5.5;4.8;3.7;3.0;3.0;4.7;4.1;25,000 CR;Autoshow;
Honda S2000 '03;Honda;2003;S2000;Modern Sports Cars;1;Common;JP;B;630;6.0;5.4;4.2;3.7;3.3;5.0;4.6;25,000 CR;Autoshow;
Honda Civic '04;Honda;2004;Civic Type R;Retro Hot Hatch;1;Common;JP;C;600;5.4;5.0;4.1;3.7;3.5;5.1;4.5;25,000 CR;Autoshow;
Honda NSX-R '05;Honda;2005;NSX-R;Retro Sports Cars;3;Epic;JP;B;691;6.4;5.8;5.0;3.8;4.7;4.9;5.1;150,000 CR;Autoshow;
Honda NSX-R GT;Honda;2005;NSX-R GT;Retro Sports Cars;3;Epic;JP;A;725;6.4;6.7;5.6;4.4;5.6;4.5;5.5;500,000 CR;Reward;
Honda Civic '07;Honda;2007;Civic Type R;Hot Hatch;1;Common;JP;C;574;5.3;5.4;4.0;3.2;3.7;5.2;4.5;20,000 CR;Autoshow;
Honda S2000 '09;Honda;2009;S2000 CR;Modern Sports Cars;1;Common;JP;B;634;5.7;5.7;4.6;3.7;3.7;5.0;4.7;25,000 CR;Autoshow;
Honda Trophy '15;Honda;2015;Ridgeline Baja Trophy Truck;Unlimited Offroad;3;Epic;JP;A;703;5.2;3.5;5.0;3.6;4.8;9.2;5.2;500,000 CR;Reward;
Honda Civic;Honda;2016;Civic Coupe;Rally Monsters;3;Epic;JP;S1;861;5.0;5.6;9.2;8.4;5.8;7.3;6.9;155,000 CR;Reward;
Honda Civic '16;Honda;2016;Civic Type R;Super Hot Hatch;1;Common;JP;B;699;6.5;6.0;4.7;4.8;4.3;4.6;5.2;38,000 CR;Autoshow;
Honda Civic '18;Honda;2018;Civic Type R;Super Hot Hatch;2;Rare;JP;A;727;6.8;6.0;4.6;4.8;4.6;4.6;5.2;59,000 CR;Autoshow;
Hoonigan Bel Air;Hoonigan;1955;Chevrolet Bel Air;Rods & Customs;2;Rare;US;B;621;5.7;3.8;4.1;3.1;3.0;6.4;4.4;76,000 CR;Autoshow;
Hoonicorn;Hoonigan;1965;"Ford ""Hoonicorn"" Mustang";Drift Cars;3;Epic;US;S2;951;9.2;6.7;10.0;7.4;5.9;5.5;7.5;500,000 CR;Autoshow;
Hoonicorn v2;Hoonigan;1965;Gymkhana 10 Ford Hoonicorn Mustang;Drift Cars;3;Epic;US;S2;952;8.8;6.6;10.0;7.7;5.9;5.4;7.4;500,000 CR;Reward;
Hoonigan Nova;Hoonigan;1972;Chevrolet Napalm Nova;Classic Muscle;2;Rare;US;A;731;6.7;5.2;5.0;5.3;4.7;5.0;5.3;50,000 CR;Autoshow;
Hoonigan Scumbug;Hoonigan;1973;Volkswagen Baja Beetle Class 5/1600 'Scumbug';Buggies;2;Rare;US;C;524;3.7;5.2;3.4;5.5;4.2;9.8;5.3;300,000 CR;Autoshow;Rally
Hoonigan F-150;Hoonigan;1977;Gymkhana 10 Ford F-150 'Hoonitruck';Drift Cars;3;Epic;US;S1;896;6.2;6.5;7.9;8.7;6.7;5.7;7.0;500,000 CR;Autoshow;
Hoonigan Escort;Hoonigan;1978;Ford Escort RS1800;Rally Monsters;3;Epic;US;S1;820;6.2;6.7;5.7;6.1;6.3;4.2;5.9;300,000 CR;Autoshow;
Hoonigan RS200;Hoonigan;1986;Ford RS200 Evolution;Rally Monsters;3;Epic;US;S2;904;7.6;6.5;9.5;5.1;5.3;8.3;7.1;500,000 CR;Autoshow;
Hoonigan Group A;Hoonigan;1991;Gymkhana 10 Ford Escort Cosworth Group A;Rally Monsters;3;Epic;US;S1;862;7.8;6.2;9.1;8.7;5.3;7.6;7.5;500,000 CR;Autoshow;
Hoonigan Porsche;Hoonigan;1991;Rauh-Welt Begriff Porsche 911 Turbo;Retro Supercars;2;Rare;US;S1;811;6.7;7.7;7.2;4.1;5.3;4.0;5.8;160,000 CR;Car Mastery;
Twerkstallion;Hoonigan;1992;Mazda RX-7 Twerkstallion;Drift Cars;2;Rare;US;A;799;8.3;5.8;4.6;4.7;4.5;3.8;5.3;50,000 CR;Car Mastery;
Hoonigan Cossie;Hoonigan;1994;"Ford Escort RS Cosworth WRC ""Cossie V2""";Rally Monsters;3;Epic;US;A;783;5.5;6.1;7.7;4.0;5.9;7.4;6.1;500,000 CR;Autoshow;
Hoonigan Focus;Hoonigan;2016;GYMKHANA 9 Ford Focus RS RX;Rally Monsters;4;Legendary;US;S1;863;5.1;5.8;9.2;10.0;6.4;7.0;7.3;500,000 CR;Reward;
GYMKHANA 10 Focus;Hoonigan;2016;GYMKHANA 10 Ford Focus RS RX;Rally Monsters;3;Epic;US;S1;864;5.1;5.7;9.2;10.0;6.4;7.2;7.3;500,000 CR;Autoshow;
Ford Dually HW;Hot Wheels;1949;Ford F-5 Dually Custom Hot Rod;Rods & Customs;4;Legendary;US;B;630;4.6;5.2;5.1;5.4;3.9;5.3;4.9;250,000 CR;Wheelspin;
Hot Wheels Metro;Hot Wheels;1957;Nash Metropolitan Custom;Rods & Customs;4;Legendary;US;B;631;5.6;4.1;4.0;4.0;3.0;4.4;4.2;250,000 CR;Wheelspin;
Twin Mill;Hot Wheels;1969;Twin Mill;Rods & Customs;4;Legendary;US;A;798;8.6;5.2;4.9;5.2;4.5;3.8;5.4;110,000 CR;Wheelspin;
HW Trans Am;Hot Wheels;1970;Pontiac Firebird Trans Am Custom;Track Toys;4;Legendary;US;S1;894;6.3;6.5;6.7;7.4;6.9;3.4;6.2;300,000 CR;Reward;
Hot Wheels Deora;Hot Wheels;2000;Deora II;Rods & Customs;4;Legendary;US;A;800;6.5;6.8;6.4;6.2;5.4;4.3;5.9;500,000 CR;Autoshow;Hot Wheels
HW Ford Mustang;Hot Wheels;2005;Ford Mustang;Track Toys;4;Legendary;US;S1;819;6.8;8.4;6.1;4.6;6.4;3.9;6.0;300,000 CR;Wheelspin;
Bone Shaker;Hot Wheels;2011;Bone Shaker;Rods & Customs;4;Legendary;US;A;790;6.0;5.2;5.7;6.2;4.9;4.2;5.4;150,000 CR;Autoshow;
Rip Rod;Hot Wheels;2012;Rip Rod;Unlimited Buggies;4;Legendary;US;A;715;5.4;4.9;6.0;6.2;4.3;8.6;5.9;300,000 CR;Wheelspin;
Hot Wheels BTTB;Hot Wheels;2012;Bad to the Blade;Extreme Track Toys;3;Epic;US;S2;998;6.8;10.0;9.2;10.0;10.0;4.3;8.4;200,000 CR;Autoshow;Hot Wheels
Baja Bone Shaker;Hot Wheels;2013;Baja Bone Shaker;Unlimited Offroad;4;Legendary;US;B;700;6.2;4.1;6.5;5.7;4.1;10.0;6.1;150,000 CR;Autoshow;Hot Wheels
2JetZ;Hot Wheels;2018;2JetZ;Rods & Customs;4;Legendary;US;S1;854;6.7;5.9;6.9;7.6;5.4;3.9;6.1;250,000 CR;Wheelspin;
HSV Maloo '14;HSV;2014;Limited Edition Gen-F GTS Maloo;Vans & Utility;2;Rare;AU;A;742;6.5;5.5;4.8;4.6;4.8;4.4;5.1;62,000 CR;Autoshow;
HSV GEN-F GTS;HSV;2014;GEN-F GTS;Modern Muscle;1;Common;AU;A;721;7.0;5.5;4.8;4.0;4.5;4.8;5.1;75,000 CR;Autoshow;
HUMMER H1;HUMMER;2006;H1 Alpha;Pickups & 4x4s;2;Rare;US;D;354;4.2;2.9;2.0;2.5;2.4;8.6;3.8;112,000 CR;Autoshow;
Veloster N;Hyundai;2019;Veloster N;Super Hot Hatch;3;Epic;KR;B;645;6.0;5.4;4.5;4.7;3.7;5.0;4.9;30,000 CR;Wheelspin;
Infiniti Q60;Infiniti;2015;Q60 Concept;Super Saloons;1;Common;US;A;735;6.8;5.6;4.8;5.0;4.7;4.6;5.3;50,000 CR;Autoshow;
IH Scout 800A;International;1970;Scout 800A;Pickups & 4x4s;1;Common;US;D;384;4.1;3.0;2.7;3.6;2.1;7.8;3.9;40,000 CR;Autoshow;
ID Zerouno '18;Italdesign;2018;Zerouno;Hypercars;4;Legendary;IT;S1;869;7.6;7.7;9.2;8.9;8.0;4.9;7.7;2,400,000 CR;Autoshow;
DaVinci;Italdesign;2019;DaVinci Concept;GT Cars;2;Rare;IT;S1;809;7.1;5.2;6.8;7.5;4.7;5.2;6.1;150,000 CR;Autoshow;Italian Exotics Pack
Jaguar C-Type;Jaguar;1953;C-Type;Classic Racers;4;Legendary;GB;C;599;5.6;3.5;4.0;3.5;3.1;4.9;4.1;5,000,000 CR;Autoshow;
Jaguar D-Type;Jaguar;1956;D-Type;Classic Racers;4;Legendary;GB;B;630;5.6;3.8;3.8;2.6;2.8;4.4;3.8;22,000,000 CR;Autoshow;
Jaguar Mk II 3.8;Jaguar;1959;Mk II 3.8;Classic Racers;3;Epic;GB;D;448;4.6;4.1;3.5;2.8;2.8;5.5;3.9;80,000 CR;Autoshow;
Jaguar E-type;Jaguar;1961;E-type;Rare Classics;3;Epic;GB;C;525;5.2;4.2;4.0;2.8;2.7;5.2;4.0;150,000 CR;Autoshow;
Jaguar LW E-Type;Jaguar;1964;Lightweight E-Type;Classic Racers;4;Legendary;GB;B;688;6.3;4.4;4.7;4.4;3.4;4.6;4.6;7,500,000 CR;Autoshow;
Jaguar XJ13;Jaguar;1966;XJ13;Classic Racers;2;Rare;GB;A;779;7.6;4.9;5.1;4.4;4.0;4.2;5.0;18,000,000 CR;Autoshow;
Jaguar XJR-15;Jaguar;1991;Sport XJR-15;Retro Supercars;4;Legendary;GB;S1;828;7.5;8.0;6.0;6.3;6.8;4.7;6.6;500,000 CR;Barn Find;
Jaguar XJ220;Jaguar;1993;XJ220;Retro Supercars;4;Legendary;GB;A;786;7.7;6.4;5.2;2.2;5.2;4.8;5.3;350,000 CR;Wheelspin;
Jaguar XJ220S;Jaguar;1993;XJ220S TWR;Retro Supercars;2;Rare;GB;S1;848;8.2;6.8;6.4;2.7;6.0;4.6;5.8;400,000 CR;Autoshow;
Jaguar C-X75;Jaguar;2010;C-X75;Modern Supercars;4;Legendary;GB;S1;880;8.1;7.8;9.4;10.0;8.0;4.1;7.9;1,500,000 CR;Autoshow;
Jaguar XKR-S '12;Jaguar;2012;XKR-S;GT Cars;2;Rare;GB;A;756;7.5;6.1;4.9;5.1;4.3;4.4;5.4;100,000 CR;Autoshow;
Jaguar F-TYPE;Jaguar;2015;F-TYPE R Coupé;GT Cars;3;Epic;GB;A;777;7.5;5.9;5.2;5.4;6.0;4.2;5.7;110,000 CR;Wheelspin;
Jaguar XKR-S '15;Jaguar;2015;XKR-S GT;Track Toys;3;Epic;GB;A;778;7.2;6.0;5.2;5.4;6.4;4.5;5.8;250,000 CR;Reward;
Jaguar XFR-S;Jaguar;2015;XFR-S;Super Saloons;2;Rare;GB;A;728;7.5;5.7;5.0;5.2;4.2;4.6;5.4;110,000 CR;Autoshow;
Jaguar XE-S;Jaguar;2015;XE-S;Super Saloons;1;Common;GB;B;671;6.8;5.5;4.7;4.8;3.7;4.9;5.1;57,000 CR;Autoshow;
Jaguar Project 7;Jaguar;2016;F-TYPE Project 7;Track Toys;3;Epic;GB;A;786;7.0;6.3;5.1;5.4;6.5;4.3;5.8;190,000 CR;Wheelspin;
Jaguar F-PACE S;Jaguar;2017;F-PACE S;Sports Utility Heroes;1;Common;GB;B;674;6.0;5.0;5.4;4.8;3.8;6.5;5.3;55,000 CR;Autoshow;
Jaguar I-PACE;Jaguar;2018;I-PACE;Sports Utility Heroes;2;Rare;GB;A;705;4.5;4.9;4.5;4.7;3.7;5.8;4.7;87,000 CR;Autoshow;
Jeep CJ5;Jeep;1976;CJ5 Renegade;Pickups & 4x4s;1;Common;US;D;463;4.6;3.1;4.0;3.2;2.4;8.0;4.2;60,000 CR;Autoshow;
Jeep Wrangler;Jeep;2012;Wrangler Rubicon;Pickups & 4x4s;1;Common;US;D;463;4.6;3.1;4.0;3.2;2.4;8.0;4.2;50,000 CR;Autoshow;
Cherokee '14;Jeep;2014;Grand Cherokee SRT;Sports Utility Heroes;1;Common;US;B;680;6.0;4.1;6.0;5.8;4.0;6.7;5.4;80,000 CR;Autoshow;
Jeep Trailcat;Jeep;2016;Trailcat;Unlimited Offroad;2;Rare;US;A;744;6.2;3.9;5.5;4.1;4.0;10.0;5.6;75,000 CR;Autoshow;
Jeep Trackhawk;Jeep;2018;Grand Cherokee Trackhawk;Sports Utility Heroes;1;Common;US;A;749;6.9;5.1;8.5;7.8;4.9;5.6;6.5;73,000 CR;Autoshow;
Jeep Gladiator;Jeep;2020;Gladiator Rubicon;Pickups & 4x4s;1;Common;US;D;456;4.8;3.0;3.6;3.2;2.5;8.4;4.3;45,000 CR;Autoshow;
#240 Jimco TT;Jimco;2019;#240 Fastball Racing Spec Trophy Truck;Unlimited Offroad;3;Epic;US;B;623;4.5;2.9;3.8;2.9;5.2;9.3;4.8;350,000 CR;Autoshow;Rally
#179 Hammerhead;Jimco;2020;#179 Hammerhead Class 1;Unlimited Buggies;2;Rare;US;A;763;5.7;2.4;6.3;6.3;4.5;8.8;5.7;150,000 CR;Autoshow;Rally
Koenigsegg CC8S;Koenigsegg;2002;CC8S;Hypercars;3;Epic;SE;S1;846;8.7;7.6;6.1;3.8;6.4;4.7;6.2;400,000 CR;Autoshow;
Koenigsegg CCX;Koenigsegg;2006;CCX;Hypercars;4;Legendary;SE;S1;870;8.8;6.9;6.1;6.5;7.6;4.9;6.8;600,000 CR;Reward;
Koenigsegg CCGT;Koenigsegg;2008;CCGT;Extreme Track Toys;4;Legendary;SE;S2;965;7.8;10.0;6.8;7.1;10.0;3.9;7.6;1,000,000 CR;Wheelspin;
Koenigsegg Agera;Koenigsegg;2011;Agera;Hypercars;4;Legendary;SE;S1;894;9.7;7.5;6.1;6.5;7.7;4.5;7.0;1,500,000 CR;Reward;
Koenigsegg One;Koenigsegg;2015;One:1;Hypercars;4;Legendary;SE;S2;983;10.0;9.5;7.0;7.5;10.0;4.3;8.1;2,800,000 CR;Autoshow;
Regera;Koenigsegg;2016;Regera;Hypercars;4;Legendary;SE;S2;966;9.1;7.9;5.8;6.2;9.2;4.2;7.1;1,900,000 CR;Autoshow;
Agera RS;Koenigsegg;2017;Agera RS;Hypercars;4;Legendary;SE;S2;980;10.0;9.7;7.0;7.6;9.7;4.3;8.1;2,000,000 CR;Autoshow;
Koenigsegg Jesko;Koenigsegg;2020;Jesko;Hypercars;4;Legendary;SE;S2;971;10.0;10.0;6.9;7.4;9.0;4.4;8.0;2,800,000 CR;Autoshow;
KTM X-Bow;KTM;2013;X-Bow R;Track Toys;2;Rare;AT;S1;802;5.2;8.0;6.8;7.4;7.8;3.9;6.5;105,000 CR;Autoshow;
KTM X-Bow GT4;KTM;2018;X-Bow GT4;Extreme Track Toys;3;Epic;AT;S1;845;5.4;9.2;5.4;2.8;10.0;4.4;6.2;400,000 CR;Reward;
X-Bow GT2;KTM;2020;X-Bow GT2;Extreme Track Toys;3;Epic;AT;S2;931;6.7;8.9;5.5;1.8;10.0;5.2;6.4;500,000 CR;Autoshow;Super Speed Pack
Lambo Miura;Lamborghini;1967;Miura P400;Rare Classics;4;Legendary;IT;B;625;5.9;4.9;3.8;2.7;3.1;5.1;4.3;1,000,000 CR;Autoshow;
Espada 400GT '73;Lamborghini;1973;Espada 400 GT;Retro Supercars;2;Rare;IT;C;597;5.8;4.7;4.1;3.1;3.0;5.1;4.3;110,000 CR;Autoshow;
Lambo LM 002;Lamborghini;1986;LM 002;Pickups & 4x4s;3;Epic;IT;C;562;5.3;3.3;2.9;1.8;3.2;8.7;4.2;180,000 CR;Autoshow;
Lambo Countach;Lamborghini;1988;Countach LP5000 QV;Retro Supercars;3;Epic;IT;A;735;6.8;6.2;4.7;3.6;4.3;4.8;5.1;220,000 CR;Autoshow;
Lambo Diablo SV;Lamborghini;1997;Diablo SV;Retro Supercars;3;Epic;IT;A;763;7.7;6.2;5.2;4.2;4.9;4.6;5.5;174,000 CR;Autoshow;
Diablo GTR;Lamborghini;1999;Diablo GTR;Extreme Track Toys;3;Epic;IT;S1;881;7.8;9.0;6.8;5.9;7.8;4.1;6.9;1,000,000 CR;Car Mastery;
Lambo Reventón;Lamborghini;2008;Reventón;Modern Supercars;4;Legendary;IT;S1;817;7.8;7.0;5.2;4.4;7.1;5.1;6.1;1,375,000 CR;Car Collector;
Lambo Murciélago;Lamborghini;2010;Murciélago LP 670-4 SV;Modern Supercars;3;Epic;IT;S1;818;7.8;7.2;5.2;4.5;6.9;5.0;6.1;500,000 CR;Wheelspin;
Lambo Sesto FE;Lamborghini;2011;Sesto Elemento Forza Edition;Extreme Track Toys;5;Forza Edition;IT;S2;998;8.4;10.0;10.0;10.0;10.0;5.1;8.9;2,750,000 CR;Wheelspin;
Lambo Sesto;Lamborghini;2011;Sesto Elemento;Extreme Track Toys;4;Legendary;IT;S2;936;7.8;10.0;10.0;10.0;10.0;4.6;8.7;2,500,000 CR;Autoshow;
Lambo Gallardo;Lamborghini;2011;Gallardo LP 570-4 Superleggera;Modern Supercars;3;Epic;IT;S1;814;7.5;7.1;7.4;6.9;5.3;5.0;6.5;280,000 CR;Accolade;
Aventador J;Lamborghini;2012;Aventador J;Hypercars;3;Epic;IT;S1;839;7.9;7.1;7.7;7.0;7.1;5.1;7.0;2,700,000 CR;Reward;
Aventador '12;Lamborghini;2012;Aventador LP700-4;Hypercars;3;Epic;IT;S1;847;8.9;7.1;8.2;7.4;7.3;5.0;7.3;380,000 CR;Autoshow;
Gallardo Spyder;Lamborghini;2012;Gallardo LP570-4 Spyder Performante;Modern Supercars;3;Epic;IT;A;797;7.1;6.8;6.7;6.3;6.6;5.1;6.4;280,000 CR;Reward;
Lambo Veneno;Lamborghini;2013;Veneno;Hypercars;4;Legendary;IT;S2;910;8.2;9.4;8.8;8.1;9.7;4.6;8.1;3,000,000 CR;Autoshow;
Lambo Huracán;Lamborghini;2014;Huracán LP 610-4;Modern Supercars;3;Epic;IT;S1;838;7.8;7.1;7.8;7.4;7.1;5.0;7.0;240,000 CR;Autoshow;
Lambo Centenario;Lamborghini;2016;Centenario LP 770-4;Hypercars;4;Legendary;IT;S1;884;8.3;8.7;8.7;8.0;8.9;4.6;7.9;2,300,000 CR;Autoshow;
Aventador '16;Lamborghini;2016;Aventador Superveloce;Hypercars;3;Epic;IT;S1;872;8.5;7.9;8.7;8.0;8.1;5.0;7.7;480,000 CR;Autoshow;
#63 Lambo Trofeo;Lamborghini;2018;#63 Squadra Corse Huracán Super Trofeo Evo;Extreme Track Toys;4;Legendary;IT;S2;906;6.7;8.8;7.0;6.7;9.5;4.7;7.2;400,000 CR;Autoshow;Italian Exotics Pack
Aventador SVJ;Lamborghini;2018;Aventador SVJ;Hypercars;4;Legendary;IT;S1;889;8.0;8.6;8.3;7.6;8.2;4.7;7.6;500,000 CR;Reward;
Lambo Huracán P;Lamborghini;2018;Huracán Performante;Track Toys;3;Epic;IT;S1;874;7.6;8.2;9.8;10.0;7.9;4.7;8.0;275,000 CR;Autoshow;
Urus '19;Lamborghini;2019;Urus;Sports Utility Heroes;2;Rare;IT;A;767;7.1;5.6;6.1;5.1;6.2;6.1;6.0;150,000 CR;Autoshow;
Lambo SCV12;Lamborghini;2020;Essenza SCV12;Extreme Track Toys;4;Legendary;IT;S2;967;7.7;9.7;6.4;6.7;10.0;5.1;7.6;5,000,000 CR;Autoshow;Italian Exotics Pack
Huracán STO;Lamborghini;2020;Huracán STO;Track Toys;4;Legendary;IT;S1;883;7.2;7.9;7.1;7.8;8.7;5.0;7.3;450,000 CR;Reward;
Lambo SC20;Lamborghini;2020;SC20;Hypercars;4;Legendary;IT;S1;884;7.5;7.6;9.8;9.1;8.2;5.3;7.9;2,500,000 CR;Autoshow;Italian Exotics Pack
Lambo Sián R;Lamborghini;2020;Sián Roadster;Hypercars;4;Legendary;IT;S1;881;8.8;8.1;8.3;8.1;8.1;4.6;7.7;3,500,000 CR;Autoshow;
Huracán EVO;Lamborghini;2020;Huracán EVO;Modern Supercars;2;Rare;IT;S1;851;7.3;7.7;9.3;10.0;7.4;4.6;7.7;340,000 CR;Autoshow;
Huracán Tecnica;Lamborghini;2023;Huracán Tecnica;Modern Supercars;4;Legendary;IT;S1;850;7.3;6.9;6.6;7.2;7.6;4.8;6.7;250,000 CR;Autoshow;Italian Exotics Pack
Lancia Stratos;Lancia;1974;Stratos HF Stradale;Classic Rally;2;Rare;IT;C;590;5.3;4.5;4.8;4.3;3.1;6.0;4.7;550,000 CR;Autoshow;
Lancia 037;Lancia;1982;037 Stradale;Retro Rally;2;Rare;IT;B;647;5.2;5.0;4.5;2.8;3.7;7.1;4.7;750,000 CR;Reward;
Lancia Delta S4;Lancia;1986;Delta S4;Retro Rally;2;Rare;IT;B;682;5.0;4.9;5.5;5.5;3.7;7.6;5.4;1,000,000 CR;Reward;
Lancia Delta;Lancia;1992;Delta HF Integrale EVO;Retro Rally;1;Common;IT;B;602;4.9;4.6;4.5;2.3;3.6;6.0;4.3;100,000 CR;Autoshow;
LR Series III;Land Rover;1972;Series III;Pickups & 4x4s;1;Common;GB;D;100;2.6;3.0;1.6;2.3;2.0;7.2;3.1;20,000 CR;Autoshow;
Range Rover '73;Land Rover;1973;Range Rover;Pickups & 4x4s;1;Common;GB;D;274;3.3;3.1;2.3;3.5;2.5;7.8;3.8;50,000 CR;Autoshow;
LR Defender;Land Rover;1997;Defender 90;Pickups & 4x4s;1;Common;GB;D;366;3.8;3.2;2.7;1.8;2.5;8.2;3.7;30,000 CR;Autoshow;
Range Rover '15;Land Rover;2015;Range Rover Sport SVR;Sports Utility Heroes;2;Rare;GB;A;722;6.5;4.0;6.0;6.2;4.1;7.2;5.7;133,000 CR;Autoshow;
Land Rover Velar;Land Rover;2018;Range Rover Velar First Edition;Sports Utility Heroes;2;Rare;GB;B;638;6.0;4.1;4.4;4.1;3.7;6.9;4.9;85,000 CR;Autoshow;
LR Defender '20;Land Rover;2020;Defender 110 X;Sports Utility Heroes;1;Common;GB;C;534;5.4;3.1;4.7;5.0;2.9;7.2;4.7;80,000 CR;Autoshow;
Lexus SC300;Lexus;1997;SC300;Retro Sports Cars;2;Rare;US;C;555;5.6;5.1;4.0;3.1;3.0;5.5;4.4;25,000 CR;Autoshow;
Lexus LFA;Lexus;2010;LFA;Modern Supercars;3;Epic;US;S1;810;7.4;6.6;5.8;6.0;7.0;4.5;6.2;500,000 CR;Autoshow;
Lexus RC F;Lexus;2015;RC F;Super Saloons;2;Rare;US;A;741;6.7;5.9;5.0;5.2;5.2;4.8;5.5;75,000 CR;Autoshow;
Lexus RC F '20;Lexus;2020;RC F Track Edition;Track Toys;2;Rare;US;A;777;7.1;6.8;5.4;5.7;6.5;4.4;6.0;100,000 CR;Autoshow;
Lexus LC 500 '21;Lexus;2021;LC 500;GT Cars;2;Rare;US;A;719;7.0;5.3;4.8;5.0;4.4;5.2;5.3;250,000 CR;Reward;
Continental '62;Lincoln;1962;Continental;Rods & Customs;3;Epic;US;D;381;5.3;3.6;2.6;1.7;1.9;6.0;3.5;250,000 CR;Reward;
Rally Fighter;Local Motors;2014;Rally Fighter;Unlimited Offroad;2;Rare;US;A;716;6.0;3.8;4.5;3.6;4.0;10.0;5.3;100,000 CR;Autoshow;
#6 Lola T70;Lola;1969;#6 Penske Sunoco T70 MKIIIB;Classic Racers;3;Epic;GB;S1;818;7.1;5.7;7.0;7.7;4.8;4.2;6.1;850,000 CR;Autoshow;
Lotus Elan;Lotus;1971;Elan Sprint;Classic Sports Cars;1;Common;GB;D;443;4.6;4.0;3.5;2.5;2.4;4.9;3.7;57,000 CR;Autoshow;
Lotus Elise GT1;Lotus;1997;Elise GT1;Retro Supercars;4;Legendary;GB;A;794;6.4;8.1;5.6;3.4;7.1;4.6;5.9;1,800,000 CR;Autoshow;
Lotus Elise '99;Lotus;1999;Elise Series 1 Sport 190;Retro Sports Cars;1;Common;GB;A;711;5.3;6.0;5.8;4.8;5.1;4.8;5.3;81,000 CR;Autoshow;
Lotus 340R;Lotus;2000;340R;Track Toys;2;Rare;GB;B;700;4.7;7.0;5.5;4.8;6.8;5.1;5.7;250,000 CR;Reward;
Lotus 2-Eleven;Lotus;2009;2-Eleven;Track Toys;3;Epic;GB;A;799;5.9;6.8;6.9;6.8;6.6;5.2;6.4;250,000 CR;Reward;
Lotus Exige S;Lotus;2012;Exige S;Modern Sports Cars;2;Rare;GB;A;754;6.4;6.3;6.5;6.2;5.4;4.8;5.9;85,000 CR;Autoshow;
Lotus 3-Eleven;Lotus;2016;3-Eleven;Track Toys;3;Epic;GB;S1;839;6.5;7.7;7.5;7.8;7.1;4.6;6.9;150,000 CR;Autoshow;
Lotus Evija '20;Lotus;2020;Evija;Hypercars;4;Legendary;GB;S2;994;7.6;7.9;7.6;8.5;10.0;3.9;7.6;2,500,000 CR;Autoshow;
Lotus Emira;Lotus;2023;Emira;Modern Sports Cars;2;Rare;GB;A;767;6.4;6.7;6.3;5.1;5.6;5.2;5.9;95,000 CR;Autoshow;Horizon Racing Pack
Lucid Air;Lucid;2023;Air Sapphire;Super Saloons;2;Rare;US;S1;884;7.2;5.4;9.1;10.0;6.2;4.9;7.1;250,000 CR;Reward;
#100 Lynk&Co 03;Lynk & Co;2020;#100 Cyan Racing 03;Track Toys;2;Rare;CN;A;800;5.5;7.4;5.0;2.0;8.4;4.7;5.5;250,000 CR;Reward;
Lynk & Co 03+;Lynk & Co;2021;03+;Super Saloons;2;Rare;CN;B;679;6.0;6.3;3.7;6.8;4.2;5.4;5.4;250,000 CR;Reward;
Maserati 8CTF;Maserati;1939;8CTF;Vintage Racers;4;Legendary;IT;B;657;6.7;3.9;3.8;3.2;2.9;4.0;4.1;10,000,000 CR;Reward;
MC12 Corsa '08;Maserati;2008;MC12 Versione Corsa;Extreme Track Toys;4;Legendary;IT;S2;961;7.6;10.0;8.1;8.8;10.0;3.9;8.1;2,500,000 CR;Autoshow;
Maserati GTS FE;Maserati;2010;Gran Turismo S Forza Edition;Track Toys;5;Forza Edition;IT;S1;900;7.9;8.9;6.7;7.3;9.6;3.8;7.4;500,000 CR;Wheelspin;
Maserati GT-S;Maserati;2010;Gran Turismo S;GT Cars;3;Epic;IT;A;702;6.9;6.0;5.4;4.8;4.5;5.0;5.4;156,000 CR;Autoshow;
Maserati Levante;Maserati;2017;Levante S;Sports Utility Heroes;1;Common;IT;B;696;6.6;5.0;5.1;2.4;4.3;6.4;5.0;85,000 CR;Autoshow;
Mazda RX-7 '90;Mazda;1990;Savanna RX-7;Retro Sports Cars;3;Epic;JP;C;558;5.7;4.9;4.3;3.3;3.1;5.1;4.4;25,000 CR;Wheelspin;
Mazda 323 GT-R;Mazda;1992;323 GT-R;Retro Rally;1;Common;JP;C;589;5.2;5.2;5.0;2.9;3.2;5.6;4.5;25,000 CR;Autoshow;
Mazda MX-5 '94;Mazda;1994;MX-5 Miata;Retro Sports Cars;1;Common;JP;D;445;4.5;4.5;3.4;2.3;2.5;4.9;3.7;25,000 CR;Autoshow;
Mazda RX-7 '97;Mazda;1997;RX-7;Retro Sports Cars;1;Common;JP;B;645;6.6;5.5;4.8;3.0;3.3;5.0;4.7;35,000 CR;Autoshow;
RX-7 Spirit R;Mazda;2002;RX-7 Spirit R Type-A;Retro Sports Cars;2;Rare;JP;B;687;6.5;5.7;5.0;3.5;4.1;5.0;5.0;30,000 CR;Autoshow;
Mazda MX-5 '05;Mazda;2005;Mazdaspeed MX-5;Retro Sports Cars;1;Common;JP;C;587;5.1;5.5;3.4;3.8;3.5;4.6;4.3;25,000 CR;Autoshow;
Mazda RX-8;Mazda;2011;RX-8 R3;Modern Sports Cars;2;Rare;JP;B;624;5.8;5.5;4.6;3.8;3.7;5.1;4.8;27,000 CR;Autoshow;
Mazda MX-5 '13;Mazda;2013;MX-5;Modern Sports Cars;1;Common;JP;C;549;4.8;5.4;3.9;3.4;3.4;5.1;4.3;26,000 CR;Autoshow;
Mazda MX-5 '16;Mazda;2016;MX-5;Modern Sports Cars;1;Common;JP;B;620;5.4;5.6;4.6;4.7;3.7;5.1;4.9;35,000 CR;Autoshow;
McLaren F1;McLaren;1993;F1;Retro Supercars;4;Legendary;GB;S1;817;8.8;6.6;6.3;5.8;5.4;4.5;6.2;15,000,000 CR;Wheelspin;
McLaren F1 GT;McLaren;1997;F1 GT;Retro Supercars;4;Legendary;GB;S1;866;8.4;8.2;6.2;5.8;7.0;4.3;6.7;15,000,000 CR;Autoshow;
McLaren 12C;McLaren;2011;12C Coupé;Modern Supercars;3;Epic;GB;S1;832;7.6;6.1;6.4;6.9;6.3;5.1;6.4;250,000 CR;Reward;
McLaren P1;McLaren;2013;P1;Hypercars;4;Legendary;GB;S2;928;9.1;8.4;6.9;7.5;9.5;4.3;7.6;1,350,000 CR;Autoshow;
650S Spider;McLaren;2014;650S Spider;Modern Supercars;3;Epic;GB;S1;856;7.4;7.0;6.8;4.8;8.0;4.6;6.4;420,000 CR;Reward;
McLaren 570S;McLaren;2015;570S Coupé;Modern Supercars;3;Epic;GB;S1;824;7.3;6.9;6.3;4.4;7.1;4.4;6.1;224,000 CR;Autoshow;
McLaren 650S;McLaren;2015;650S Coupé;Modern Supercars;3;Epic;GB;S1;859;7.6;7.2;6.8;4.8;7.5;4.6;6.4;420,000 CR;Autoshow;
McLaren Senna;McLaren;2018;Senna;Hypercars;4;Legendary;GB;S2;934;8.0;9.3;7.2;7.8;10.0;4.2;7.8;1,000,000 CR;Autoshow;
McLaren 600LT;McLaren;2018;600LT Coupé;Track Toys;3;Epic;GB;S1;868;7.4;7.7;6.7;5.3;7.8;4.3;6.5;260,000 CR;Autoshow;
McLaren 720S;McLaren;2018;720S Coupé;Modern Supercars;3;Epic;GB;S1;899;8.4;7.7;6.9;7.6;8.8;4.5;7.3;340,000 CR;Car Collector;
Speedtail '19;McLaren;2019;Speedtail;Hypercars;4;Legendary;GB;S2;910;9.6;7.4;6.8;7.4;7.4;3.7;7.1;2,250,000 CR;Autoshow;
720S Spider;McLaren;2019;720S Spider;Modern Supercars;3;Epic;GB;S1;887;7.5;7.4;6.9;7.5;8.9;4.4;7.1;340,000 CR;Autoshow;
McLaren GT;McLaren;2020;GT;Super GT;1;Common;GB;S1;823;7.4;6.5;6.6;4.3;5.3;4.6;5.8;210,000 CR;Autoshow;
McLaren 620R;McLaren;2021;620R;Track Toys;3;Epic;GB;S1;864;7.2;7.7;6.7;4.4;7.8;4.2;6.3;400,000 CR;Autoshow;
McLaren 765LT;McLaren;2021;765LT Coupe;Track Toys;3;Epic;GB;S2;913;8.1;8.2;7.1;7.7;9.4;4.4;7.5;400,000 CR;Reward;
M-B AMG GT;Mercedes-AMG;2015;GT S;Super GT;2;Rare;DE;A;797;7.0;6.7;6.2;6.6;7.0;4.8;6.4;250,000 CR;Reward;
M-B AMG C 63 '16;Mercedes-AMG;2016;C 63 S Coupé;Super Saloons;2;Rare;DE;A;755;7.0;5.9;5.2;5.5;5.6;4.6;5.6;90,000 CR;Autoshow;
M-B AMG GTR;Mercedes-AMG;2017;GT R;Super GT;3;Epic;DE;S1;837;7.5;7.0;6.4;7.0;7.2;4.5;6.6;295,000 CR;Autoshow;
Mercedes-AMG E63;Mercedes-AMG;2018;E 63 S;Super Saloons;3;Epic;DE;A;778;7.6;6.0;8.7;9.7;4.8;5.1;7.0;135,000 CR;Wheelspin;
M-B GT 4 '18;Mercedes-AMG;2018;GT 4-Door Coupé;Super Saloons;3;Epic;DE;A;768;8.0;5.8;8.4;9.4;4.5;5.2;6.9;175,000 CR;Autoshow;
Mercedes-AMG ONE;Mercedes-AMG;2021;Mercedes-AMG ONE;Hypercars;4;Legendary;DE;S2;927;7.7;8.9;7.5;3.2;10.0;4.7;7.0;2,700,000 CR;Autoshow;
AMG GT Black;Mercedes-AMG;2021;GT Black Series;Track Toys;3;Epic;DE;S1;884;7.4;7.4;6.5;6.2;8.7;4.8;6.8;325,000 CR;Reward;
M-B SSK;Mercedes-Benz;1929;SSK;Rare Classics;4;Legendary;DE;D;256;4.1;3.6;3.0;1.8;1.9;5.5;3.3;7,500,000 CR;Autoshow;
M-B W154;Mercedes-Benz;1939;W154;Vintage Racers;4;Legendary;DE;B;672;7.9;3.8;4.1;3.3;2.8;4.2;4.4;20,000,000 CR;Car Collector;
M-B 300SL;Mercedes-Benz;1954;300 SL Coupé;Rare Classics;4;Legendary;DE;D;498;5.1;4.2;3.6;2.3;2.4;5.6;3.9;1,200,000 CR;Autoshow;
M-B 300 SLR;Mercedes-Benz;1955;300 SLR;Classic Racers;4;Legendary;DE;A;714;6.9;4.5;5.0;3.9;3.1;4.9;4.7;143,000,000 CR;Autoshow;
M-B 280 SL;Mercedes-Benz;1967;280 SL;Rare Classics;2;Rare;DE;D;478;4.7;4.0;2.9;4.0;2.8;6.0;4.1;250,000 CR;Reward;
AMG Hammer Coupe;Mercedes-Benz;1987;AMG Hammer Coupe;Retro Saloons;1;Common;DE;B;681;7.2;5.5;4.2;3.0;3.8;4.7;4.7;165,000 CR;Autoshow;
M-B 190E;Mercedes-Benz;1990;190E 2.5-16 Evolution II;Retro Saloons;2;Rare;DE;C;579;6.2;4.9;4.0;3.6;2.9;4.4;4.3;150,000 CR;Autoshow;
M-B CLK-GTR FE;Mercedes-Benz;1998;AMG CLK GTR Forza Edition;Retro Supercars;5;Forza Edition;DE;S2;998;7.8;10.0;8.2;9.0;10.0;3.7;8.1;2,250,000 CR;Wheelspin;
M-B CLK-GTR;Mercedes-Benz;1998;AMG CLK GTR;Extreme Track Toys;4;Legendary;DE;S1;829;7.5;7.6;6.1;5.1;6.5;4.2;6.2;2,000,000 CR;Autoshow;
M-B SL65;Mercedes-Benz;2009;SL 65 AMG Black Series;Super GT;3;Epic;DE;A;800;7.9;5.6;5.3;4.8;5.2;4.9;5.6;300,000 CR;Reward;
M-B SLS AMG;Mercedes-Benz;2011;SLS AMG;Super GT;3;Epic;DE;S1;804;7.6;6.5;5.8;6.2;6.4;4.4;6.2;200,000 CR;Autoshow;
M-B C63;Mercedes-Benz;2012;C 63 AMG Coupé Black Series;Super Saloons;2;Rare;DE;A;768;7.6;6.1;5.1;5.3;4.9;4.6;5.6;150,000 CR;Autoshow;
M-B SLK;Mercedes-Benz;2012;SLK 55 AMG;Modern Sports Cars;2;Rare;DE;A;740;7.3;5.9;5.4;5.7;4.5;4.8;5.6;78,000 CR;Autoshow;
M-B A45;Mercedes-Benz;2013;A 45 AMG;Super Hot Hatch;2;Rare;DE;A;707;6.7;6.2;6.6;4.5;4.4;5.1;5.6;65,000 CR;Autoshow;
M-B E63;Mercedes-Benz;2013;E 63 AMG;Super Saloons;2;Rare;DE;A;751;7.7;6.0;7.0;7.8;4.5;5.2;6.4;105,000 CR;Autoshow;
M-B G 65;Mercedes-Benz;2013;G 65 AMG;Pickups & 4x4s;2;Rare;DE;B;639;5.9;3.2;6.6;8.0;3.2;8.0;5.8;350,000 CR;Autoshow;
M-B G 63 6x6;Mercedes-Benz;2014;G 63 AMG 6x6;Pickups & 4x4s;3;Epic;DE;B;606;5.6;3.6;4.0;6.6;4.1;9.3;5.5;525,000 CR;Autoshow;
M-B Unimog;Mercedes-Benz;2014;Unimog U5023;Trucks;2;Rare;DE;D;103;2.8;3.3;1.3;3.0;2.7;8.7;3.6;100,000 CR;Autoshow;
#24 M-B Truck FE;Mercedes-Benz;2015;#24 Tankpool24 Racing Truck Forza Edition;Unlimited Offroad;5;Forza Edition;DE;A;800;6.1;3.3;8.8;10.0;5.3;9.7;7.2;750,000 CR;Wheelspin;
#24 M-B Truck;Mercedes-Benz;2015;#24 Tankpool24 Racing Truck;Trucks;3;Epic;DE;A;702;5.1;5.6;5.4;5.8;5.0;5.0;5.3;500,000 CR;Autoshow;
M-B X-Class;Mercedes-Benz;2018;X-Class;Pickups & 4x4s;1;Common;DE;D;368;4.2;3.2;2.4;4.2;2.8;7.8;4.1;65,000 CR;Autoshow;
Mercury Cyclone;Mercury;1970;Cyclone Spoiler;Classic Muscle;2;Rare;US;D;491;5.8;3.6;3.1;2.8;2.2;4.9;3.7;35,000 CR;Autoshow;
Meyers Manx FE;Meyers;1971;Manx Forza Edition;Track Toys;5;Forza Edition;US;A;800;5.2;6.8;8.2;9.3;7.7;3.8;6.8;500,000 CR;Wheelspin;
Meyers Manx;Meyers;1971;Manx;Cult Classics;3;Epic;US;D;291;3.1;4.3;2.9;5.3;2.6;5.9;4.0;35,000 CR;Wheelspin;
Meyers Manx 2.0;Meyers;2023;Manx 2.0 EV;Buggies;3;Epic;US;B;649;4.5;4.3;6.0;6.6;3.6;6.3;5.2;250,000 CR;Reward;
MG Metro 6R4;MG;1986;Metro 6R4;Rally Monsters;4;Legendary;GB;S1;811;4.6;5.9;8.8;8.2;5.8;7.5;6.8;125,000 CR;Wheelspin;
MG SV-R '05;MG;2005;XPower SV-R;Retro Sports Cars;2;Rare;GB;B;694;6.3;5.6;4.7;4.2;4.5;5.1;5.1;50,000 CR;Autoshow;
MG MG3;MG;2015;MG3;Hot Hatch;2;Rare;GB;D;444;4.0;5.0;2.8;2.2;3.4;5.4;3.8;250,000 CR;Reward;
#20 MG MG6;MG;2020;#20 MG6 XPower;Track Toys;2;Rare;GB;A;800;5.4;7.6;4.8;2.0;7.9;4.7;5.4;250,000 CR;Reward;
MG6 XPower;MG;2021;MG6 XPower;Super Saloons;2;Rare;GB;A;716;6.1;5.8;4.5;4.6;4.8;5.0;5.1;250,000 CR;Reward;
MINI '65 FE;MINI;1965;Cooper S Forza Edition;Super Hot Hatch;5;Forza Edition;GB;A;800;5.6;6.9;7.9;9.2;5.0;4.6;6.5;500,000 CR;Reward;
MINI '65;MINI;1965;Cooper S;Classic Rally;2;Rare;GB;D;281;3.6;3.2;2.6;2.7;2.0;4.1;3.0;30,000 CR;Autoshow;
MINI JCW '09;MINI;2009;John Cooper Works;Hot Hatch;1;Common;GB;C;598;5.4;5.0;4.1;4.1;3.8;4.7;4.5;25,000 CR;Autoshow;
MINI JCW '12;MINI;2012;John Cooper Works GP;Hot Hatch;2;Rare;GB;B;628;5.4;4.9;4.2;4.3;3.7;4.6;4.5;38,000 CR;Autoshow;
MINI X-Raid;MINI;2013;X-Raid All4 Racing Countryman;Offroad;3;Epic;GB;B;632;3.3;4.7;5.2;8.4;4.1;8.1;5.6;250,000 CR;Wheelspin;
MINI JCW Buggy;MINI;2018;X-Raid John Cooper Works Buggy;Offroad;3;Epic;GB;B;632;4.5;3.7;4.9;6.6;4.9;10.0;5.8;250,000 CR;Autoshow;
MINI Countryman;MINI;2018;John Cooper Works Countryman All4;Sports Utility Heroes;1;Common;GB;C;537;5.1;5.0;3.8;5.3;3.0;5.7;4.7;38,500 CR;Autoshow;
MINI JCW GP '21;MINI;2021;John Cooper Works GP;Super Hot Hatch;2;Rare;GB;A;719;5.9;5.9;4.7;4.9;4.6;4.5;5.1;42,000 CR;Autoshow;
Starion ESI-R;Mitsubishi;1988;Starion ESI-R;Retro Sports Cars;2;Rare;JP;C;549;5.2;5.0;4.2;3.5;2.9;5.3;4.4;20,000 CR;Autoshow;
Galant VR-4;Mitsubishi;1992;Galant VR-4;Retro Rally;2;Rare;JP;C;540;5.4;4.7;4.6;3.1;2.8;5.4;4.3;250,000 CR;Reward;
Eclipse GSX;Mitsubishi;1995;Eclipse GSX;Retro Sports Cars;1;Common;JP;C;543;5.9;4.8;3.9;3.2;2.8;5.4;4.3;25,000 CR;Autoshow;
Mitsubishi GTO;Mitsubishi;1997;GTO;Retro Sports Cars;1;Common;JP;B;610;6.1;5.1;4.5;3.6;3.4;5.5;4.7;20,000 CR;Autoshow;
Lancer GSR '99;Mitsubishi;1999;Lancer Evolution VI GSR;Retro Rally;2;Rare;JP;B;659;5.6;5.3;5.6;3.8;3.7;5.5;4.9;28,000 CR;Autoshow;
Lancer MR '04;Mitsubishi;2004;Lancer Evolution VIII MR;Modern Rally;2;Rare;JP;B;664;6.2;5.4;5.7;3.1;3.6;5.7;5.0;31,000 CR;Autoshow;
Lancer MR '06;Mitsubishi;2006;Lancer Evolution IX MR;Modern Rally;2;Rare;JP;B;632;5.9;5.4;4.7;2.4;3.6;5.6;4.6;27,000 CR;Autoshow;
Lancer GSR '08;Mitsubishi;2008;Lancer Evolution X GSR;Modern Rally;2;Rare;JP;B;649;5.7;5.5;5.1;2.9;3.7;5.7;4.8;43,000 CR;Autoshow;
Lancer GSR WP;Mitsubishi;2008;"Lancer Evolution X GSR ""Welcome Pack""";Modern Rally;1;Common;JP;A;800;7.1;5.8;9.2;4.6;4.1;8.1;6.5;43,000 CR;Autoshow;Welcome Pack
Morgan 3 Wheeler;Morgan;2014;3 Wheeler;Cult Classics;1;Common;GB;D;488;4.0;3.2;3.3;3.2;2.9;4.2;3.5;50,000 CR;Autoshow;
Morgan Aero GT;Morgan;2019;Aero GT;Track Toys;2;Rare;GB;A;784;6.6;7.0;5.9;6.3;5.3;4.8;6.0;150,000 CR;Reward;
Morris Minor FE;Morris;1953;Minor 1000 Forza Edition;Track Toys;5;Forza Edition;GB;A;800;4.9;6.4;5.9;6.3;6.4;2.9;5.5;500,000 CR;Wheelspin;
Morris Minor;Morris;1953;Minor 1000;Cult Classics;1;Common;GB;D;100;2.7;4.0;1.6;2.1;1.9;5.6;3.0;20,000 CR;Autoshow;
Morris Traveler;Morris;1953;Minor Series II Traveler;Vans & Utility;1;Common;GB;D;100;2.2;3.8;1.2;2.0;2.0;6.4;2.9;250,000 CR;Reward;
Morris Traveller;Morris;1965;Mini-Traveller;Vans & Utility;1;Common;GB;D;100;2.4;3.5;1.5;2.0;2.0;5.0;2.7;250,000 CR;Reward;
Mosler MT900 GT3;Mosler;2006;MT900 GT3;Extreme Track Toys;2;Rare;US;S2;910;6.8;9.8;6.0;5.1;9.9;4.3;7.0;500,000 CR;Autoshow;Hot Wheels
Mosler MT900S;Mosler;2010;MT900S;Extreme Track Toys;3;Epic;US;S2;919;8.2;9.8;7.4;8.1;8.4;4.7;7.8;320,000 CR;Autoshow;
Napier Railton;Napier;1933;Napier-Railton;Vintage Racers;4;Legendary;GB;B;603;6.5;4.1;3.7;3.6;3.1;4.4;4.2;1,500,000 CR;Autoshow;
NIO EP9;NIO;2016;EP9;Hypercars;4;Legendary;CN;S2;998;7.0;10.0;5.8;6.3;10.0;4.9;7.3;1,500,000 CR;Reward;
Fairlady Z '69;Nissan;1969;Fairlady Z 432;Classic Sports Cars;3;Epic;JP;D;482;4.4;4.7;3.6;2.4;2.7;5.2;3.8;150,000 CR;Car Collector;
Nissan GT-R '71;Nissan;1971;Skyline 2000GT-R;Classic Sports Cars;2;Rare;JP;D;493;4.7;4.4;3.6;2.5;2.6;5.0;3.8;60,000 CR;Autoshow;
Nissan GT-R '73;Nissan;1973;Skyline H/T 2000GT-R;Classic Sports Cars;3;Epic;JP;C;518;4.7;4.5;3.4;2.2;3.0;5.8;3.9;170,000 CR;Autoshow;
Nissan Safari;Nissan;1985;Safari Turbo;Pickups & 4x4s;1;Common;JP;D;230;3.3;3.2;2.0;3.2;2.2;8.1;3.7;250,000 CR;Reward;
Nissan GTS-R '87;Nissan;1987;Skyline GTS-R (HR31);Retro Sports Cars;1;Common;JP;C;543;5.7;4.7;4.0;2.5;2.7;4.9;4.1;100,000 CR;Autoshow;
Nissan Pulsar;Nissan;1990;Pulsar GTI-R;Retro Rally;2;Rare;JP;C;594;5.4;4.8;5.5;3.4;2.9;5.1;4.5;20,000 CR;Autoshow;
Silvia '92;Nissan;1992;Silvia CLUB K's;Retro Sports Cars;1;Common;JP;C;537;5.5;4.7;3.8;3.5;2.7;4.8;4.2;25,000 CR;Autoshow;
Nissan GT-R '93;Nissan;1993;Skyline GT-R V-Spec;Retro Sports Cars;2;Rare;JP;B;626;5.8;5.7;4.5;2.7;3.6;5.3;4.6;85,000 CR;Autoshow;
Nissan 240SX;Nissan;1993;240SX SE;Retro Sports Cars;1;Common;JP;D;445;5.1;4.6;3.3;2.5;2.5;5.3;3.9;25,000 CR;Autoshow;
Fairlady Z '94;Nissan;1994;Fairlady Z Version S Twin Turbo;Retro Sports Cars;1;Common;JP;B;607;6.0;5.2;4.3;2.7;3.2;4.9;4.4;20,000 CR;Autoshow;
Silvia '94;Nissan;1994;Silvia K's;Retro Sports Cars;1;Common;JP;B;617;5.8;5.3;4.4;2.7;3.4;5.2;4.5;25,000 CR;Autoshow;
Nissan GT-R '95;Nissan;1995;Nismo GT-R LM;Retro Sports Cars;4;Legendary;JP;B;658;5.9;6.6;4.5;3.0;4.0;4.0;4.7;1,100,000 CR;Autoshow;
Nissan GT-R '97;Nissan;1997;Skyline GT-R V-Spec;Retro Sports Cars;2;Rare;JP;B;635;6.1;5.7;4.8;2.5;3.7;5.4;4.7;37,000 CR;Autoshow;
Nissan R390;Nissan;1998;R390 (GT1);Retro Supercars;4;Legendary;JP;S1;859;7.1;7.8;6.3;2.5;7.1;3.5;5.7;1,250,000 CR;Autoshow;
Silvia '98;Nissan;1998;Silvia K's AERO;Retro Sports Cars;1;Common;JP;B;609;5.7;5.2;4.4;2.5;3.4;5.3;4.4;25,000 CR;Autoshow;
Silvia '00;Nissan;2000;Silvia Spec-R;Retro Sports Cars;1;Common;JP;B;632;5.9;5.4;4.6;2.6;3.7;5.4;4.6;35,000 CR;Autoshow;
Nissan GT-R '02;Nissan;2002;Skyline GT-R V-Spec II;Retro Sports Cars;2;Rare;JP;B;657;6.1;5.6;4.9;2.6;3.6;5.4;4.7;63,000 CR;Autoshow;
Fairlady Z FE;Nissan;2003;Fairlady Z Forza Edition;Unlimited Offroad;5;Forza Edition;JP;A;800;5.0;3.0;5.4;5.5;6.4;8.3;5.6;500,000 CR;Wheelspin;
350Z Hi Car;Nissan;2003;Donut Media 350Z 'Hi Car';Track Toys;4;Legendary;JP;A;792;6.6;6.5;5.8;5.6;5.7;4.7;5.8;250,000 CR;Accolade;
Fairlady Z '03;Nissan;2003;Fairlady Z;Retro Sports Cars;1;Common;JP;B;650;6.5;5.5;4.6;4.0;3.5;4.8;4.8;35,000 CR;Autoshow;
350Z Low Car;Nissan;2004;Donut Media 350Z 'Low Car';Track Toys;4;Legendary;JP;A;733;6.1;6.1;5.6;3.7;4.8;5.3;5.3;250,000 CR;Accolade;
#23 Nissan RR;Nissan;2004;Pickup #23 Rally Raid;Unlimited Offroad;3;Epic;JP;C;577;4.4;5.5;3.1;4.5;4.8;9.9;5.4;500,000 CR;Autoshow;
Nissan Tsuru '10;Nissan;2010;Tsuru;Retro Saloons;4;Legendary;JP;D;444;4.4;3.6;3.5;3.2;2.5;5.8;3.8;250,000 CR;Reward;
Nissan 370Z;Nissan;2010;370Z;Modern Sports Cars;1;Common;JP;B;688;6.6;5.7;4.8;4.6;3.9;4.8;5.1;40,000 CR;Autoshow;
Nissan GT-R '12;Nissan;2012;GT-R Black Edition (R35);Modern Supercars;2;Rare;JP;S1;810;7.6;6.7;8.5;8.1;5.3;5.0;6.9;105,000 CR;Autoshow;
Nissan TITAN;Nissan;2016;TITAN Warrior Concept;Pickups & 4x4s;1;Common;JP;D;486;4.7;3.6;3.2;3.6;3.2;8.9;4.5;50,000 CR;Autoshow;
Nissan GT-R '17;Nissan;2017;GT-R (R35);Modern Supercars;2;Rare;JP;S1;814;7.5;6.7;8.7;7.8;5.3;4.8;6.8;132,000 CR;Autoshow;
Nissan Sentra;Nissan;2018;Sentra NISMO;Super Saloons;2;Rare;JP;C;591;4.9;5.3;4.3;4.4;3.9;5.1;4.7;250,000 CR;Reward;
Nissan 370Z '19;Nissan;2019;370Z Nismo;Modern Sports Cars;2;Rare;JP;A;718;6.6;6.3;5.3;4.8;4.5;4.9;5.4;50,000 CR;Autoshow;
Nissan GTR '20;Nissan;2020;GT-R Nismo (R35);Track Toys;3;Epic;JP;S1;846;7.5;7.5;9.2;7.4;7.0;4.6;7.2;250,000 CR;Reward;
Nissan Z '23;Nissan;2023;Z;Modern Sports Cars;2;Rare;JP;A;736;7.0;6.0;5.0;5.2;4.5;5.1;5.5;250,000 CR;Reward;
Noble M400;Noble;2006;M400;Track Toys;2;Rare;GB;S1;829;6.9;7.8;6.4;5.3;6.6;4.5;6.3;100,000 CR;Autoshow;
Noble M600;Noble;2010;M600;Modern Supercars;3;Epic;GB;S1;877;8.5;8.0;7.4;7.8;6.4;4.6;7.1;450,000 CR;Reward;
Toronado '66;Oldsmobile;1966;Toronado;Classic Muscle;1;Common;US;D;403;5.5;3.7;2.7;1.8;2.0;5.8;3.6;35,000 CR;Autoshow;
Opel Manta 400;Opel;1984;Manta 400;Rally Monsters;2;Rare;DE;B;691;5.8;4.9;4.6;4.8;3.7;6.6;5.1;100,000 CR;Autoshow;
Pagani Zonda C;Pagani;2009;Zonda Cinque Roadster;Hypercars;4;Legendary;IT;S1;896;7.4;8.0;6.5;6.9;8.9;4.5;7.0;2,100,000 CR;Autoshow;
Zonda Oreo;Pagani;2009;Zonda Cinque Roadster 'Oreo Edition';Hypercars;4;Legendary;IT;S1;900;7.4;8.0;6.5;6.9;8.9;4.4;7.0;2,100,000 CR;DLC;Oreo
Pagani Zonda R;Pagani;2010;Zonda R;Extreme Track Toys;4;Legendary;IT;S2;959;8.0;10.0;7.3;7.9;10.0;3.9;7.9;1,800,000 CR;Autoshow;
Pagani Huayra;Pagani;2012;Huayra;Hypercars;4;Legendary;IT;S1;900;8.6;7.1;6.9;5.9;8.8;5.2;7.1;1,400,000 CR;Reward;
Pagani Huayra FE;Pagani;2016;Huayra BC Forza Edition;Extreme Track Toys;5;Forza Edition;IT;S2;998;8.1;10.0;8.0;8.8;10.0;3.7;8.1;2,700,000 CR;Wheelspin;
Pagani Huayra BC;Pagani;2016;Huayra BC;Hypercars;4;Legendary;IT;S2;929;8.4;9.1;7.0;7.6;10.0;4.2;7.7;2,700,000 CR;Wheelspin;
Huayra R '22;Pagani;2022;Huayra R;Extreme Track Toys;4;Legendary;IT;S2;985;8.2;9.5;7.7;7.0;10.0;4.8;7.9;3,100,000 CR;Autoshow;Horizon Racing Pack
Peel P50;Peel;1962;P50;Cult Classics;4;Legendary;GB;D;100;1.2;3.0;1.0;2.3;3.9;4.5;2.7;250,000 CR;Reward;
Peel Trident;Peel;1965;Trident;Cult Classics;2;Rare;GB;D;100;1.3;3.0;1.0;2.5;2.6;5.5;2.7;250,000 CR;Autoshow;
Penhall Cholla;Penhall;2011;The Cholla;Unlimited Buggies;2;Rare;US;B;655;4.1;3.7;5.7;4.8;4.3;10.0;5.4;100,000 CR;Autoshow;
Peugeot 205 T16;Peugeot;1984;205 Turbo 16;Retro Rally;4;Legendary;FR;B;616;5.0;5.0;4.4;1.6;3.6;7.2;4.5;200,000 CR;Wheelspin;
Peugeot 205 R;Peugeot;1991;205 Rallye;Retro Hot Hatch;2;Rare;FR;D;462;4.3;4.4;2.9;3.8;2.5;4.9;3.8;20,000 CR;Autoshow;
Peugeot 207 S;Peugeot;2007;207 Super 2000;Rally Monsters;2;Rare;FR;A;755;5.3;6.2;5.9;5.2;5.7;8.0;6.1;150,000 CR;Autoshow;
Plymouth Fury;Plymouth;1958;Fury;Rods & Customs;2;Rare;US;D;477;5.2;3.6;3.2;2.8;2.1;5.8;3.8;250,000 CR;Reward;
Belvedere '64;Plymouth;1964;Belvedere;Classic Muscle;2;Rare;US;C;529;5.8;3.5;3.6;3.5;2.3;5.9;4.1;250,000 CR;Reward;
Barracuda;Plymouth;1968;Barracuda Formula-S;Classic Muscle;2;Rare;US;C;550;5.2;4.3;3.8;3.4;2.9;6.3;4.3;250,000 CR;Reward;
Plymouth Cuda;Plymouth;1971;Cuda 426 HEMI;Classic Muscle;3;Epic;US;C;547;5.6;3.7;3.4;3.3;2.4;5.3;4.0;160,000 CR;Autoshow;
RZR 1000;Polaris;2015;RZR XP 1000 EPS;UTVs;1;Common;US;C;501;3.4;3.5;3.8;3.8;4.4;9.0;4.7;25,000 CR;Autoshow;
RZR Racing;Polaris;2021;RZR Pro XP Factory Racing Limited;UTVs;2;Rare;US;C;516;3.3;4.1;3.4;3.5;5.1;10.0;4.9;75,000 CR;Autoshow;Rally
Polaris RZR Pro;Polaris;2021;RZR Pro XP Ultimate;UTVs;2;Rare;US;C;593;3.2;3.6;4.0;4.2;4.8;8.9;4.8;250,000 CR;Reward;
Pontiac GTO '65;Pontiac;1965;GTO;Classic Muscle;1;Common;US;D;484;4.7;3.2;3.1;2.9;2.0;5.4;3.6;48,000 CR;Autoshow;
Firebird '68;Pontiac;1968;Firebird;Classic Muscle;3;Epic;US;C;533;5.1;3.5;3.3;3.2;2.5;5.1;3.8;250,000 CR;Reward;
Pontiac GTO '69;Pontiac;1969;GTO Judge;Classic Muscle;2;Rare;US;C;545;4.9;3.5;3.4;3.3;2.4;5.3;3.8;250,000 CR;Reward;
Pontiac T/A '73;Pontiac;1973;Firebird Trans Am SD-455;Classic Muscle;1;Common;US;C;551;5.5;3.5;3.4;3.3;2.4;4.7;3.8;250,000 CR;Reward;
Pontiac T/A '77;Pontiac;1977;Firebird Trans Am;Classic Muscle;2;Rare;US;D;418;5.1;3.9;3.1;2.0;2.1;5.7;3.7;45,000 CR;Autoshow;
Firebird TA FE;Pontiac;1987;Firebird Trans Am GTA Forza Edition;Track Toys;5;Forza Edition;US;S1;900;6.9;7.1;5.5;5.8;6.3;3.4;5.8;500,000 CR;Wheelspin;
Pontiac T/A '87;Pontiac;1987;Firebird Trans Am GTA;Retro Muscle;1;Common;US;D;485;5.5;4.1;3.4;3.1;2.4;4.8;3.9;25,000 CR;Autoshow;
Porsche 356 SL;Porsche;1951;#46 356 SL Gmünd Coupe;Classic Racers;4;Legendary;DE;D;243;3.5;3.6;1.9;2.8;2.2;5.4;3.2;1,000,000 CR;Reward;
Porsche 550;Porsche;1955;550A Spyder;Classic Racers;4;Legendary;DE;C;514;5.1;4.1;4.3;3.2;2.6;5.1;4.1;600,000 CR;Reward;
Porsche 356 '59;Porsche;1959;356 A 1600 Super;Rare Classics;3;Epic;DE;D;241;3.8;3.7;1.8;2.1;1.8;5.4;3.1;240,000 CR;Autoshow;
Emory 356 C '64;Porsche;1960;356 C Cabriolet Emory Special;Classic Sports Cars;3;Epic;DE;B;651;5.3;4.4;5.4;5.0;3.6;4.6;4.7;400,000 CR;Reward;
Porsche 906 '66;Porsche;1966;906 Carrera 6;Classic Racers;4;Legendary;DE;A;732;6.1;4.5;5.4;4.3;3.9;5.3;4.9;2,000,000 CR;Autoshow;
Porsche 917 LH;Porsche;1970;#3 917 LH;Classic Racers;4;Legendary;DE;S1;856;4.8;5.0;5.7;4.8;4.1;8.5;5.5;15,000,000 CR;Autoshow;
Porsche 914/6;Porsche;1970;914/6;Classic Sports Cars;2;Rare;DE;D;427;4.4;4.2;3.4;2.8;2.5;5.2;3.8;24,000 CR;Autoshow;
#23 Porsche 917;Porsche;1971;#23 917/20;Classic Racers;4;Legendary;DE;S1;849;8.3;6.3;7.3;7.5;4.7;3.7;6.3;15,000,000 CR;Autoshow;
911 Carrera '73;Porsche;1973;911 Carrera RS;Rare Classics;4;Legendary;DE;B;601;5.2;4.9;5.1;3.7;3.1;5.0;4.5;350,000 CR;Barn Find;
911 Turbo '82;Porsche;1982;911 Turbo 3.3;Retro Supercars;3;Epic;DE;B;666;5.6;5.2;4.8;2.0;4.1;5.2;4.5;150,000 CR;Autoshow;
#185 Porsche 959;Porsche;1985;#185 959 Prodrive Rally Raid;Rally Monsters;4;Legendary;DE;A;742;6.1;5.4;7.5;6.1;4.3;7.6;6.2;1,500,000 CR;Autoshow;
Porsche 959;Porsche;1987;959;Retro Supercars;4;Legendary;DE;A;764;7.3;6.2;8.2;4.7;4.9;4.7;6.0;2,000,000 CR;Autoshow;
#65 911 Desert;Porsche;1989;"#65 Rothsport Racing 911 ""Desert Flyer""";Rally Monsters;3;Epic;DE;B;694;8.2;5.9;7.2;7.1;4.9;4.0;6.2;500,000 CR;Autoshow;
Porsche 944;Porsche;1989;944 Turbo;Retro Sports Cars;2;Rare;DE;B;651;5.8;5.3;4.9;2.6;4.1;5.3;4.7;35,000 CR;Autoshow;
Porsche 911 '90;Porsche;1990;911 Reimagined by Singer - DLS;Modern Supercars;3;Epic;DE;S1;830;7.5;6.8;7.7;8.5;6.3;4.1;6.8;1,800,000 CR;Autoshow;
Porsche 968;Porsche;1993;968 Turbo S;Retro Sports Cars;2;Rare;DE;A;701;6.2;5.2;5.3;4.5;4.1;4.8;5.0;140,000 CR;Autoshow;
Porsche 911C2 GW;Porsche;1995;911 Carrera 2 by Gunther Werks;Modern Sports Cars;3;Epic;DE;S1;804;6.6;7.0;4.7;4.0;6.2;5.0;5.6;575,000 CR;Reward;
911 GT2 '95;Porsche;1995;911 GT2;Retro Supercars;3;Epic;DE;A;753;6.5;6.3;6.7;5.7;5.3;4.5;5.8;550,000 CR;Autoshow;
Porsche 911 GT1;Porsche;1998;911 GT1 Strassenversion;Retro Supercars;4;Legendary;DE;S1;840;7.2;7.9;6.0;6.3;8.7;3.9;6.7;2,500,000 CR;Autoshow;
Porsche Carrera;Porsche;2003;Carrera GT;Retro Supercars;3;Epic;DE;S1;845;7.6;7.1;6.6;7.2;7.5;4.5;6.8;1,000,000 CR;Autoshow;
911 GT3 '04;Porsche;2004;911 GT3;Retro Supercars;2;Rare;DE;A;778;7.1;6.9;6.4;5.7;5.3;4.8;6.0;65,000 CR;Autoshow;
Porsche 911 SC;Porsche;2010;911 Sport Classic;Modern Supercars;3;Epic;DE;A;756;7.0;6.3;6.2;5.9;6.2;5.2;6.1;205,000 CR;Autoshow;
911 GT2 RS '12;Porsche;2012;911 GT2 RS;Track Toys;3;Epic;DE;S1;860;7.7;7.6;8.0;6.3;7.7;4.6;7.0;240,000 CR;Autoshow;
911 GT3 RS4 '12;Porsche;2012;911 GT3 RS 4.0;Track Toys;3;Epic;DE;S1;825;7.3;8.0;7.6;7.1;7.4;4.3;7.0;250,000 CR;Reward;
Porsche 918;Porsche;2014;918 Spyder;Hypercars;4;Legendary;DE;S2;920;8.8;8.9;10.0;10.0;9.3;4.6;8.6;850,000 CR;Autoshow;
911 Turbo '14;Porsche;2014;911 Turbo S;Modern Supercars;2;Rare;DE;S1;808;7.9;6.6;8.3;9.3;6.7;4.6;7.2;150,000 CR;Autoshow;
Porsche Cayman '15;Porsche;2015;Cayman GTS;Modern Sports Cars;2;Rare;DE;A;767;6.6;6.4;6.1;6.2;5.2;4.6;5.9;80,000 CR;Autoshow;
911 GT3 RS '16;Porsche;2016;911 GT3 RS;Track Toys;3;Epic;DE;S1;864;7.8;8.3;7.4;7.8;8.0;4.5;7.3;235,000 CR;Autoshow;
Porsche Cayman '16;Porsche;2016;Cayman GT4;Track Toys;2;Rare;DE;S1;819;7.0;8.1;6.8;6.6;7.6;4.2;6.7;85,000 CR;Autoshow;
Porsche Panamera;Porsche;2017;Panamera Turbo;Super Saloons;2;Rare;DE;A;767;7.6;6.3;7.1;8.2;6.1;5.1;6.7;150,000 CR;Autoshow;
Porsche 718 GTS;Porsche;2018;718 Cayman GTS;Modern Sports Cars;3;Epic;DE;A;785;6.8;7.3;6.4;7.0;5.6;4.4;6.3;90,000 CR;Autoshow;
911 GT2 RS '18;Porsche;2018;911 GT2 RS;Track Toys;3;Epic;DE;S1;888;8.0;8.6;7.5;8.3;8.3;4.2;7.5;315,000 CR;Autoshow;
Porsche Cayenne;Porsche;2018;Cayenne Turbo;Sports Utility Heroes;3;Epic;DE;A;744;6.7;5.3;7.4;9.8;6.0;5.9;6.9;220,000 CR;Autoshow;
Porsche Macan RR;Porsche;2018;Macan LPR Rally Raid;Offroad;3;Epic;DE;B;637;5.1;3.9;4.7;4.6;4.7;10.0;5.5;250,000 CR;Wheelspin;
911 GT3 RS FE;Porsche;2019;911 GT3 RS Forza Edition;Rally Monsters;5;Forza Edition;DE;S1;900;7.0;7.0;10.0;10.0;7.8;8.1;8.3;255,000 CR;Car Collector;
#70 Porsche 935;Porsche;2019;#70 Porsche Motorsport 935;Extreme Track Toys;4;Legendary;DE;S2;932;7.7;8.8;8.3;9.1;9.6;4.8;8.1;1,000,000 CR;Reward;
911 GT3 RS '19;Porsche;2019;911 GT3 RS;Track Toys;3;Epic;DE;S1;860;7.2;8.4;7.4;7.6;8.2;4.4;7.2;255,000 CR;Autoshow;
Porsche 911 '19;Porsche;2019;911 Carrera S;Modern Sports Cars;2;Rare;DE;S1;819;7.4;7.4;6.4;6.9;7.9;4.5;6.8;105,000 CR;Autoshow;
911 Speedster;Porsche;2019;911 Speedster;Modern Sports Cars;2;Rare;DE;S1;813;7.5;7.6;6.6;6.4;7.4;5.0;6.8;275,000 CR;Autoshow;
Macan Turbo '19;Porsche;2019;Macan Turbo;Sports Utility Heroes;2;Rare;DE;B;695;6.2;4.9;5.8;9.4;4.0;6.3;6.1;135,000 CR;Autoshow;
Porsche Taycan S;Porsche;2020;Taycan Turbo S;Super Saloons;1;Common;DE;S1;807;6.1;5.7;8.5;9.6;6.0;4.4;6.7;185,000 CR;Autoshow;
Taycan S WP;Porsche;2020;"Taycan Turbo S ""Welcome Pack""";Super Saloons;1;Common;DE;S1;900;10.0;7.8;9.7;10.0;7.2;4.4;8.2;185,000 CR;Autoshow;Welcome Pack
911 GT3 '21;Porsche;2021;911 GT3;Track Toys;3;Epic;DE;S1;858;7.4;8.4;7.5;6.1;8.2;4.7;7.1;250,000 CR;Reward;
Porsche MissionR;Porsche;2022;Mission R;Extreme Track Toys;4;Legendary;DE;S2;925;6.3;8.3;6.1;6.7;9.3;5.2;7.0;10,000,000 CR;Reward;
Cayman GT4 RS;Porsche;2022;718 Cayman GT4 RS;Track Toys;3;Epic;DE;S1;850;7.7;7.4;6.8;7.3;6.4;5.1;6.8;150,000 CR;Autoshow;Super Speed Pack
Radical RXC;Radical;2015;RXC Turbo;Extreme Track Toys;3;Epic;GB;S2;928;7.0;9.6;7.1;5.8;9.0;4.0;7.1;330,000 CR;Wheelspin;
RAESR TS '19;RAESR;2019;Tachyon Speed;Hypercars;3;Epic;US;S2;983;8.5;9.1;5.3;5.7;8.9;4.6;7.0;1,050,000 CR;Reward;
RAM Power Wagon;Ram;2017;2500 Power Wagon;Pickups & 4x4s;1;Common;US;D;467;5.2;3.3;2.8;1.8;2.8;8.9;4.1;47,000 CR;Autoshow;
Reliant Supervan;Reliant;1972;Supervan III;Cult Classics;1;Common;GB;D;100;2.6;3.4;2.2;4.5;2.0;5.6;3.4;35,000 CR;Autoshow;
Renault 8;Renault;1967;8 Gordini;Classic Rally;1;Common;FR;D;435;4.0;4.4;3.5;2.8;2.9;5.9;3.9;65,000 CR;Autoshow;
Renault 4L '68;Renault;1968;4L Export;Cult Classics;4;Legendary;FR;D;100;2.2;3.5;1.5;2.3;2.0;5.8;2.9;20,000 CR;Barn Find;
Renault 5 Turbo;Renault;1980;5 Turbo;Retro Rally;2;Rare;FR;C;521;4.6;4.3;4.6;3.4;2.9;6.0;4.3;120,000 CR;Autoshow;
Renault Clio '93;Renault;1993;Clio Williams;Retro Hot Hatch;1;Common;FR;C;511;4.7;4.8;4.0;3.1;2.9;4.8;4.1;30,000 CR;Autoshow;
Mégane R26.R;Renault;2008;Mégane R26.R;Super Hot Hatch;2;Rare;FR;B;678;5.4;6.0;4.8;4.0;5.2;4.7;5.0;28,000 CR;Autoshow;
Renault Clio '10;Renault;2010;Clio R.S.;Hot Hatch;1;Common;FR;C;592;5.0;5.1;4.3;3.8;3.6;5.0;4.5;250,000 CR;Reward;
Megane RS 250;Renault;2010;Megane RS 250;Super Hot Hatch;1;Common;FR;B;657;5.6;5.8;4.8;2.9;4.8;5.1;4.8;250,000 CR;Reward;
Renault Clio '13;Renault;2013;Clio R.S. 200 EDC;Hot Hatch;1;Common;FR;C;595;5.1;5.1;4.4;4.5;3.6;4.9;4.6;29,000 CR;Autoshow;
Ranault Clio '16;Renault;2016;Clio R.S. 16 Concept;Super Hot Hatch;2;Rare;FR;B;686;5.6;5.9;4.8;3.8;4.5;4.7;4.9;250,000 CR;Reward;
MEGANE R.S. '18;Renault;2018;MEGANE R.S.;Super Hot Hatch;2;Rare;FR;B;670;5.7;6.0;4.5;4.6;4.4;5.0;5.0;37,000 CR;Autoshow;
Rimac Concept 2;Rimac;2019;Concept Two;Hypercars;4;Legendary;HR;S2;963;9.1;7.5;9.9;10.0;9.3;3.8;8.3;2,000,000 CR;Autoshow;
Rimac Nevera;Rimac;2021;Nevera;Hypercars;4;Legendary;HR;S2;968;9.0;7.0;9.2;10.0;8.6;4.7;8.1;3,000,000 CR;Autoshow;
Rivian R1T;Rivian;2022;R1T;Pickups & 4x4s;3;Epic;US;A;718;4.4;2.9;6.6;7.2;4.1;8.3;5.6;250,000 CR;Reward;
Rivian R1S;Rivian;2022;R1S;Sports Utility Heroes;2;Rare;US;A;726;4.2;3.0;6.9;7.5;4.2;6.7;5.4;250,000 CR;Reward;
#37 Pro 2 Truck;RJ Anderson;2016;#37 Polaris RZR-Rockstar Energy Pro 2 Truck;Unlimited Offroad;3;Epic;US;A;776;5.9;3.7;4.5;4.2;5.1;9.9;5.6;500,000 CR;Autoshow;
#37 Pro 4 Truck;RJ Anderson;2021;#37 Polaris RZR Pro 4 Truck;Unlimited Offroad;3;Epic;US;A;776;5.4;2.9;8.1;8.5;5.3;9.0;6.5;500,000 CR;Autoshow;Rally
Rossion Q1;Rossion;2010;Q1;Modern Supercars;3;Epic;US;S1;813;7.0;6.8;6.5;4.6;5.8;4.8;5.9;250,000 CR;Reward;
Saleen S7;Saleen;2004;S7;Retro Supercars;3;Epic;US;S1;855;7.9;7.4;7.1;7.0;6.7;4.7;6.8;388,000 CR;Wheelspin;
Saleen S7 LM;Saleen;2017;S7 LM;Extreme Track Toys;3;Epic;US;S2;918;8.9;7.4;7.2;6.5;7.5;5.0;7.1;1,000,000 CR;Autoshow;American Automotive Pack
Saleen S1 '18;Saleen;2018;S1;Modern Supercars;3;Epic;US;S1;821;6.5;7.2;7.2;5.9;6.3;4.7;6.3;200,000 CR;Autoshow;
Sportruck XR;Saleen;2020;Sportruck XR Black Label;Pickups & 4x4s;3;Epic;US;B;666;5.9;3.5;6.2;5.7;4.3;9.3;5.8;150,000 CR;Autoshow;Horizon Racing Pack
Schuppan 962CR;Schuppan;1993;962CR;Retro Supercars;1;Common;GB;S1;869;8.2;8.6;4.9;2.8;7.2;4.5;6.0;2,500,000 CR;Autoshow;Hot Wheels
Shelby Cobra 427;Shelby;1965;Cobra 427 S/C;Rare Classics;4;Legendary;US;B;694;5.9;4.1;4.5;4.6;3.2;4.5;4.5;2,100,000 CR;Autoshow;
Shelby Daytona;Shelby;1965;Cobra Daytona Coupe;Classic Racers;4;Legendary;US;B;637;6.7;3.9;3.7;2.9;2.8;4.7;4.1;30,000,000 CR;Autoshow;
#23 SIERRA ALPHA;SIERRA Cars;2020;#23 Yokohama ALPHA;Extreme Track Toys;3;Epic;US;S2;986;6.2;9.2;7.7;4.2;10.0;4.4;7.0;70,000 CR;Autoshow;Hot Wheels
SIERRA 700R;SIERRA Cars;2021;700R;UTVs;2;Rare;US;D;414;2.7;5.6;4.1;6.9;6.3;8.3;5.7;250,000 CR;Reward;
SIERRA RX3;SIERRA Cars;2021;RX3;UTVs;2;Rare;US;A;737;4.3;5.1;6.4;7.1;5.9;7.7;6.1;45,000 CR;Autoshow;
GTA Spano;Spania GTA;2016;GTA Spano;Modern Supercars;3;Epic;ES;S2;915;9.0;7.8;6.9;7.5;9.4;4.8;7.6;800,000 CR;Reward;
SUBARU BRAT;SUBARU;1980;BRAT GL;Vans & Utility;1;Common;JP;D;273;3.6;4.1;2.3;2.1;1.9;6.5;3.4;250,000 CR;Reward;
SUBARU LEGACY RS;SUBARU;1990;LEGACY RS;Retro Rally;1;Common;JP;C;514;5.3;4.7;3.8;2.4;2.8;5.3;4.1;250,000 CR;Reward;
SUBARU 22B;SUBARU;1998;Impreza 22B-STi Version;Retro Rally;4;Legendary;JP;B;640;5.6;5.5;5.0;3.2;3.6;5.3;4.7;110,000 CR;Wheelspin;
SUBARU WRX '04;SUBARU;2004;Impreza WRX STi;Modern Rally;1;Common;JP;B;652;5.9;5.3;6.0;3.6;3.6;5.6;5.0;28,000 CR;Autoshow;
SUBARU WRX '05;SUBARU;2005;Impreza WRX STi;Modern Rally;1;Common;JP;B;669;6.2;5.3;6.3;3.2;3.6;5.7;5.1;51,000 CR;Autoshow;
SUBARU WRX '08;SUBARU;2008;Impreza WRX STI;Modern Rally;2;Rare;JP;B;649;5.7;5.5;5.4;3.8;3.7;5.6;5.0;31,000 CR;Autoshow;
SUBARU WRX '11;SUBARU;2011;WRX STI;Modern Rally;2;Rare;JP;B;668;6.0;5.7;5.1;2.8;3.9;5.9;4.9;33,000 CR;Autoshow;
SUBARU BRZ;SUBARU;2013;BRZ;Modern Sports Cars;1;Common;JP;C;581;5.7;5.1;4.2;3.6;3.1;4.8;4.4;32,000 CR;Autoshow;
SUBARU WRX '15;SUBARU;2015;WRX STI;Modern Rally;1;Common;JP;B;675;6.0;5.7;5.5;3.1;3.9;5.6;5.0;42,000 CR;Autoshow;
SUBARU STI ARX;SUBARU;2018;WRX STI ARX Supercar;Rally Monsters;1;Common;JP;S1;849;5.4;6.0;7.8;2.2;6.0;7.9;5.9;500,000 CR;Autoshow;Hot Wheels
SUBARU STI S209;SUBARU;2019;STI S209;Modern Rally;1;Common;JP;B;689;6.0;5.9;5.8;3.1;4.4;5.4;5.1;70,000 CR;Autoshow;
SUBARU BRZ '22;SUBARU;2022;BRZ;Modern Sports Cars;3;Epic;JP;B;673;5.4;5.5;5.1;4.7;4.2;5.4;5.1;250,000 CR;Reward;
Sports 800 '65;Toyota;1965;Sports 800;Classic Sports Cars;2;Rare;JP;D;246;3.1;4.8;1.8;2.3;2.9;5.7;3.4;250,000 CR;Reward;
Toyota 2000GT;Toyota;1969;2000GT;Rare Classics;3;Epic;JP;D;487;5.1;4.3;3.7;2.7;2.6;5.0;3.9;750,000 CR;Autoshow;
Toyota Celica'74;Toyota;1974;Celica GT;Classic Sports Cars;2;Rare;JP;D;315;4.0;3.8;2.7;2.5;2.0;4.9;3.3;20,000 CR;Autoshow;
Toyota FJ40;Toyota;1979;FJ40;Pickups & 4x4s;1;Common;JP;D;269;3.4;3.0;2.4;3.4;2.3;7.5;3.7;55,000 CR;Autoshow;
Toyota Trueno;Toyota;1985;Sprinter Trueno GT Apex;Retro Sports Cars;3;Epic;JP;D;480;4.5;4.3;4.0;3.4;2.6;5.2;4.0;20,000 CR;Wheelspin;
Toyota MR2 '89;Toyota;1989;MR2 SC;Retro Sports Cars;2;Rare;JP;C;502;5.1;4.7;3.8;3.3;2.8;5.4;4.2;20,000 CR;Autoshow;
Toyota Celica'92;Toyota;1992;Celica GT-Four RC ST185;Retro Rally;2;Rare;JP;C;544;5.8;4.5;4.7;2.9;2.7;5.5;4.4;25,000 CR;Autoshow;
Toyota Supra '92;Toyota;1992;Supra 2.0 GT;Retro Sports Cars;2;Rare;JP;C;558;5.4;5.1;4.1;2.7;3.0;5.1;4.2;20,000 CR;Autoshow;
#1 Toyota T100;Toyota;1993;#1 T100 Baja Truck;Unlimited Offroad;4;Legendary;JP;B;693;4.7;3.7;5.9;6.0;4.7;10.0;5.8;500,000 CR;Barn Find;
Toyota Celica'94;Toyota;1994;Celica GT-Four ST205;Retro Rally;3;Epic;JP;C;590;6.1;4.9;5.1;2.9;3.0;5.3;4.6;20,000 CR;Wheelspin;
Toyota MR2 '95;Toyota;1995;MR2 GT;Retro Sports Cars;2;Rare;JP;B;632;6.2;5.1;5.3;3.9;3.1;4.9;4.8;250,000 CR;Reward;
Toyota Supra '98;Toyota;1998;Supra RZ;Retro Sports Cars;2;Rare;JP;B;646;6.4;5.4;4.6;3.1;3.5;4.7;4.6;38,000 CR;Autoshow;
Supra '98 WP;Toyota;1998;"Supra RZ ""Welcome Pack""";Retro Sports Cars;1;Common;JP;A;800;7.5;6.7;5.9;4.3;5.8;4.1;5.7;38,000 CR;Autoshow;Welcome Pack
Toyota Celica'03;Toyota;2003;Celica SS-I;Retro Sports Cars;2;Rare;JP;C;557;5.5;4.8;3.8;3.0;3.0;5.2;4.2;250,000 CR;Reward;
Toyota AT38;Toyota;2007;Hilux Arctic Trucks AT38;Pickups & 4x4s;2;Rare;JP;D;457;4.0;4.1;2.7;2.6;2.9;9.4;4.3;250,000 CR;Reward;
Toyota 86;Toyota;2013;86;Modern Sports Cars;2;Rare;JP;C;579;5.5;5.2;5.2;3.6;3.2;4.8;4.6;28,800 CR;Autoshow;
Toyota AT37;Toyota;2016;Land Cruiser Arctic Trucks AT37;Pickups & 4x4s;2;Rare;JP;D;404;4.1;3.8;2.5;2.2;2.7;9.5;4.1;250,000 CR;Reward;
Toyota 4Runner;Toyota;2019;4Runner TRD Pro;Pickups & 4x4s;2;Rare;JP;C;531;5.1;3.7;3.3;2.3;3.2;8.9;4.4;250,000 CR;Reward;
Toyota Tacoma;Toyota;2019;Tacoma TRD Pro;Pickups & 4x4s;2;Rare;JP;C;518;4.9;3.6;3.2;2.5;3.1;8.8;4.4;50,000 CR;Autoshow;
Toyota Supra '20;Toyota;2020;GR Supra;Modern Sports Cars;2;Rare;JP;A;731;6.2;6.1;5.5;5.8;4.6;4.8;5.5;55,000 CR;Autoshow;
Toyota Tundra;Toyota;2020;Tundra TRD Pro;Pickups & 4x4s;2;Rare;JP;C;562;5.4;3.6;4.0;3.1;3.2;9.0;4.7;60,000 CR;Autoshow;
Toyota GR86 '22;Toyota;2022;GR86;Modern Sports Cars;3;Epic;JP;B;676;5.5;5.4;5.1;4.8;4.3;5.3;5.1;250,000 CR;Reward;
TVR Speed 12;TVR;1998;Cerbera Speed 12;Retro Supercars;3;Epic;GB;S1;861;8.7;6.7;5.4;5.7;6.6;3.4;6.1;500,000 CR;Autoshow;
TVG Sagaris;TVR;2005;Sagaris;Retro Sports Cars;2;Rare;GB;A;779;6.7;6.2;5.3;5.5;5.0;4.3;5.5;86,000 CR;Autoshow;
TVR Griffith;TVR;2018;Griffith;Modern Sports Cars;2;Rare;GB;S1;825;7.2;7.7;5.9;6.3;6.9;4.2;6.4;105,000 CR;Autoshow;
Ultima 1020;Ultima;2015;Evolution Coupe 1020;Extreme Track Toys;3;Epic;GB;S2;961;8.8;9.5;7.7;8.4;7.9;3.9;7.7;300,000 CR;Autoshow;
Vaux Carlton;Vauxhall;1990;Lotus Carlton;Retro Saloons;2;Rare;GB;B;635;6.6;4.7;4.1;2.4;3.2;4.7;4.3;250,000 CR;Reward;
Vauxhall Monaro;Vauxhall;2005;Monaro VXR;Modern Muscle;1;Common;GB;B;696;7.1;5.6;4.9;4.1;4.3;5.2;5.2;25,000 CR;Autoshow;
VauxCorsa '16;Vauxhall;2016;Corsa VXR;Hot Hatch;1;Common;GB;C;584;5.1;5.3;3.3;4.2;3.6;4.7;4.4;28,000 CR;Autoshow;
Beetle '63 FE;Volkswagen;1963;Beetle Forza Edition;Track Toys;5;Forza Edition;DE;S1;900;6.1;8.8;8.0;8.8;10.0;4.4;7.7;500,000 CR;Accolade;
VW Beetle;Volkswagen;1963;Beetle;Cult Classics;4;Legendary;DE;D;100;2.9;3.7;1.7;2.9;1.9;5.7;3.1;20,000 CR;Accolade;
VW Type 2;Volkswagen;1963;Type 2 De Luxe;Cult Classics;2;Rare;DE;D;100;2.6;3.6;1.5;3.0;2.0;5.7;3.1;40,000 CR;Autoshow;
VW Class 5 Bug;Volkswagen;1969;Class 5/1600 Baja Bug;Buggies;2;Rare;DE;D;349;3.5;4.6;2.5;4.7;3.1;7.7;4.4;60,000 CR;Autoshow;
#1107 VW Bug;Volkswagen;1970;#1107 Deser Dingo Racing Stock Bug;Buggies;2;Rare;DE;D;371;3.8;3.4;2.8;2.9;2.3;8.5;4.0;25,000 CR;Autoshow;
VW Scirocco '81;Volkswagen;1981;Scirocco S;Retro Hot Hatch;1;Common;DE;D;293;3.7;4.3;2.5;2.8;2.1;4.9;3.4;20,000 CR;Autoshow;
VW Pickup '82;Volkswagen;1982;Pickup LX;Vans & Utility;3;Epic;DE;D;100;2.7;3.6;1.6;2.4;2.5;6.4;3.2;20,000 CR;Autoshow;
VW Golf GTI '83;Volkswagen;1983;Golf GTI;Retro Hot Hatch;1;Common;DE;D;428;4.2;3.9;3.5;3.3;2.4;5.0;3.7;20,000 CR;Autoshow;
VW Golf '92;Volkswagen;1992;Golf Gti 16v Mk2;Retro Hot Hatch;1;Common;DE;D;429;4.6;4.4;3.4;2.5;2.4;4.9;3.7;20,000 CR;Autoshow;
VW Corrado;Volkswagen;1995;Corrado VR6;Retro Hot Hatch;1;Common;DE;C;533;5.4;4.8;3.6;3.3;2.8;5.0;4.2;20,000 CR;Autoshow;
VW Golf '98;Volkswagen;1998;GTI VR6 Mk3;Retro Hot Hatch;1;Common;DE;C;510;5.1;4.6;3.7;2.8;2.8;5.1;4.0;25,000 CR;Autoshow;
VW Golf '03;Volkswagen;2003;Golf R32;Hot Hatch;2;Rare;DE;B;668;5.6;5.3;5.0;5.4;3.6;5.4;5.1;20,000 CR;Autoshow;
VW Golf R '10;Volkswagen;2010;Golf R;Super Hot Hatch;2;Rare;DE;B;645;5.8;5.7;5.0;3.2;3.5;5.5;4.8;64,000 CR;Autoshow;
VW Scirocco '11;Volkswagen;2011;Scirocco R;Hot Hatch;2;Rare;DE;B;663;5.8;5.5;4.6;4.8;4.0;4.9;4.9;45,000 CR;Autoshow;
VW Golf R '14;Volkswagen;2014;Golf R;Super Hot Hatch;1;Common;DE;B;663;5.9;5.9;5.8;6.3;3.8;5.5;5.5;50,000 CR;Autoshow;
#34 VW Beetle;Volkswagen;2017;#34 Andretti Beetle;Rally Monsters;3;Epic;DE;S1;851;4.8;5.6;9.2;4.6;5.9;7.6;6.3;500,000 CR;Autoshow;
VW Golf R '21;Volkswagen;2021;Golf R;Super Hot Hatch;1;Common;DE;B;668;5.9;6.0;5.6;6.2;3.9;5.5;5.5;65,000 CR;Autoshow;
VW Golf R '22;Volkswagen;2022;Golf R;Super Hot Hatch;2;Rare;DE;B;672;6.1;5.5;5.6;6.0;4.3;6.0;5.6;50,000 CR;Autoshow;Super Speed Pack
Volvo 242 Turbo;Volvo;1983;242 Turbo Evolution;Classic Rally;1;Common;SE;C;548;5.0;4.0;4.0;3.6;3.1;5.5;4.2;45,000 CR;Autoshow;
Volvo 850;Volvo;1997;850 R;Retro Saloons;1;Common;SE;C;511;5.8;4.3;3.3;2.6;2.5;5.0;3.9;25,000 CR;Autoshow;
Volvo V60;Volvo;2015;V60 Polestar;Super Saloons;1;Common;SE;B;662;6.1;5.9;5.5;3.6;3.9;5.1;5.0;62,000 CR;Autoshow;
VUHL 05RR;VUHL;2017;05RR;Track Toys;3;Epic;MX;S1;886;6.8;8.6;8.5;9.2;7.8;3.7;7.4;100,000 CR;Autoshow;
Lykan HyperSport;W Motors;2016;Lykan HyperSport;Hypercars;4;Legendary;AE;S1;877;8.6;6.3;6.7;7.2;7.4;4.7;6.8;3,000,000 CR;Reward;
Willys Jeep;Willys;1945;MB Jeep;Pickups & 4x4s;1;Common;US;D;198;2.6;3.7;2.0;3.3;2.1;7.1;3.5;40,000 CR;Autoshow;
Wuling Sunshine;Wuling;2013;Sunshine S;Vans & Utility;2;Rare;CN;D;207;3.1;4.5;1.5;1.9;2.6;6.2;3.3;250,000 CR;Reward;
Xpeng P7;Xpeng;2020;P7;Super Saloons;2;Rare;CN;A;722;4.1;5.1;5.5;5.9;3.7;4.8;4.9;250,000 CR;Reward;
Zenvo ST1;Zenvo;2016;ST1;Hypercars;4;Legendary;DK;S1;883;8.7;6.8;6.1;6.6;7.2;4.1;6.6;1,000,000 CR;Reward;
Zenvo TSR-S;Zenvo;2019;TSR-S;Hypercars;4;Legendary;DK;S2;927;9.0;8.7;6.7;7.2;9.6;4.0;7.5;1,200,000 CR;Autoshow;
;;;;;;;;;;;;;;;;;;;
